DATA,TRANSPORTADORA,OPERAÇÃO,LIBERADOS,MALHA,TOTAL TRANSPORTADORAS
2025-01-01,Assis Rio,Direta,0.0,0,
2025-01-01,DMD,LML,0.0,0,
2025-01-01,FE,LML,0.0,0,
2025-01-01,JCM,Direta,0.0,0,
2025-01-01,PJ,Direta,0.0,0,
2025-01-01,REU,Direta,0.0,0,
2025-01-01,Riviera,Direta,0.0,0,
2025-01-01,Zumpy,LML,0.0,0,
2025-01-02,Zumpy,LML,29.0,2,
2025-01-02,Riviera,Direta,6.0,1,
2025-01-02,PJ,Direta,10.0,1,
2025-01-02,REU,Direta,20.0,2,
2025-01-02,FE,LML,23.0,6,
2025-01-02,DMD,LML,17.0,3,
2025-01-02,Assis Rio,Direta,46.0,6,
2025-01-02,JCM,Direta,8.0,2,
2025-01-03,Assis Rio,Direta,51.0,5,
2025-01-03,DMD,LML,18.0,1,
2025-01-03,FE,LML,25.0,2,
2025-01-03,JCM,Direta,8.0,1,
2025-01-03,PJ,Direta,14.0,2,
2025-01-03,REU,Direta,35.0,4,
2025-01-03,Riviera,Direta,7.0,1,
2025-01-03,Zumpy,LML,40.0,8,
2025-01-04,REU,Direta,33.0,4,
2025-01-04,Zumpy,LML,0.0,0,
2025-01-04,Riviera,Direta,7.0,0,
2025-01-04,PJ,Direta,16.0,1,
2025-01-04,DMD,LML,0.0,0,
2025-01-04,FE,LML,0.0,0,
2025-01-04,Assis Rio,Direta,49.0,6,
2025-01-04,JCM,Direta,8.0,0,
2025-01-05,Assis Rio,Direta,0.0,0,
2025-01-05,DMD,LML,0.0,0,
2025-01-05,FE,LML,0.0,0,
2025-01-05,JCM,Direta,0.0,0,
2025-01-05,PJ,Direta,0.0,0,
2025-01-05,REU,Direta,0.0,0,
2025-01-05,Riviera,Direta,0.0,0,
2025-01-05,Zumpy,LML,0.0,0,
2025-01-06,Zumpy,LML,40.0,3,
2025-01-06,Riviera,Direta,7.0,2,
2025-01-06,REU,Direta,44.0,2,
2025-01-06,PJ,Direta,22.0,4,
2025-01-06,Assis Rio,Direta,11.0,3,
2025-01-06,FE,LML,27.0,1,
2025-01-06,DMD,LML,18.0,3,
2025-01-06,JCM,Direta,8.0,2,
2025-01-07,REU,Direta,32.0,4,
2025-01-07,Zumpy,LML,39.0,5,
2025-01-07,Riviera,Direta,6.0,1,
2025-01-07,PJ,Direta,20.0,1,
2025-01-07,DMD,LML,18.0,0,
2025-01-07,FE,LML,28.0,5,
2025-01-07,Assis Rio,Direta,51.0,2,
2025-01-07,JCM,Direta,8.0,1,
2025-01-08,Assis Rio,Direta,47.0,4,
2025-01-08,Riviera,Direta,5.0,0,
2025-01-08,REU,Direta,30.0,3,
2025-01-08,PJ,Direta,15.0,3,
2025-01-08,Zumpy,LML,34.0,3,
2025-01-08,FE,LML,30.0,3,
2025-01-08,DMD,LML,16.0,4,
2025-01-08,JCM,Direta,8.0,0,
2025-01-09,Assis Rio,Direta,53.0,4,
2025-01-09,FE,LML,29.0,4,
2025-01-09,JCM,Direta,8.0,1,
2025-01-09,PJ,Direta,17.0,1,
2025-01-09,REU,Direta,25.0,3,
2025-01-09,Riviera,Direta,5.0,2,
2025-01-09,Zumpy,LML,35.0,6,
2025-01-09,DMD,LML,19.0,1,
2025-01-10,REU,Direta,42.0,3,
2025-01-10,Zumpy,LML,35.0,6,
2025-01-10,Riviera,Direta,7.0,0,
2025-01-10,PJ,Direta,16.0,2,
2025-01-10,FE,LML,28.0,2,
2025-01-10,DMD,LML,18.0,2,
2025-01-10,Assis Rio,Direta,57.0,5,
2025-01-10,JCM,Direta,7.0,0,
2025-01-11,Riviera,Direta,5.0,2,
2025-01-11,REU,Direta,43.0,3,
2025-01-11,PJ,Direta,16.0,2,
2025-01-11,Zumpy,LML,0.0,0,
2025-01-11,FE,LML,12.0,4,
2025-01-11,DMD,LML,7.0,1,
2025-01-11,Assis Rio,Direta,52.0,2,
2025-01-11,JCM,Direta,8.0,1,
2025-01-12,Assis Rio,Direta,0.0,0,
2025-01-12,DMD,LML,0.0,0,
2025-01-12,FE,LML,0.0,0,
2025-01-12,JCM,Direta,0.0,0,
2025-01-12,PJ,Direta,0.0,0,
2025-01-12,REU,Direta,0.0,0,
2025-01-12,Riviera,Direta,0.0,0,
2025-01-12,Zumpy,LML,0.0,0,
2025-01-13,REU,Direta,42.0,4,
2025-01-13,Zumpy,LML,37.0,6,
2025-01-13,Riviera,Direta,7.0,0,
2025-01-13,PJ,Direta,16.0,1,
2025-01-13,DMD,LML,21.0,0,
2025-01-13,FE,LML,28.0,3,
2025-01-13,Assis Rio,Direta,56.0,6,
2025-01-13,JCM,Direta,7.0,1,
2025-01-14,Assis Rio,Direta,52.0,5,
2025-01-14,DMD,LML,21.0,3,
2025-01-14,FE,LML,30.0,3,
2025-01-14,JCM,Direta,8.0,3,
2025-01-14,PJ,Direta,13.0,2,
2025-01-14,REU,Direta,40.0,1,
2025-01-14,Riviera,Direta,7.0,2,
2025-01-14,Zumpy,LML,33.0,5,
2025-01-15,Zumpy,LML,37.0,1,
2025-01-15,Riviera,Direta,6.0,1,
2025-01-15,REU,Direta,35.0,2,
2025-01-15,PJ,Direta,14.0,2,
2025-01-15,DMD,LML,22.0,4,
2025-01-15,FE,LML,30.0,3,
2025-01-15,Assis Rio,Direta,53.0,4,
2025-01-15,JCM,Direta,9.0,2,
2025-01-16,Riviera,Direta,6.0,0,
2025-01-16,Zumpy,LML,26.0,5,
2025-01-16,JCM,Direta,8.0,1,
2025-01-16,REU,Direta,27.0,2,
2025-01-16,PJ,Direta,14.0,3,
2025-01-16,FE,LML,23.0,1,
2025-01-16,DMD,LML,19.0,5,
2025-01-16,Assis Rio,Direta,56.0,4,
2025-01-17,Riviera,Direta,5.0,2,
2025-01-17,REU,Direta,37.0,2,
2025-01-17,PJ,Direta,13.0,0,
2025-01-17,Zumpy,LML,25.0,5,
2025-01-17,FE,LML,19.0,2,
2025-01-17,DMD,LML,18.0,3,
2025-01-17,Assis Rio,Direta,52.0,7,
2025-01-17,JCM,Direta,7.0,0,
2025-01-18,Assis Rio,Direta,45.0,2,
2025-01-18,DMD,LML,10.0,1,
2025-01-18,FE,LML,14.0,3,
2025-01-18,JCM,Direta,7.0,1,
2025-01-18,PJ,Direta,16.0,2,
2025-01-18,REU,Direta,35.0,4,
2025-01-18,Riviera,Direta,2.0,1,
2025-01-18,Zumpy,LML,11.0,1,
2025-01-19,Zumpy,LML,0.0,0,
2025-01-19,Riviera,Direta,0.0,0,
2025-01-19,REU,Direta,0.0,0,
2025-01-19,PJ,Direta,0.0,0,
2025-01-19,JCM,Direta,0.0,0,
2025-01-19,DMD,LML,0.0,0,
2025-01-19,FE,LML,0.0,0,
2025-01-19,Assis Rio,Direta,0.0,0,
2025-01-20,Assis Rio,Direta,53.0,5,
2025-01-20,DMD,LML,20.0,2,
2025-01-20,FE,LML,26.0,4,
2025-01-20,JCM,Direta,8.0,1,
2025-01-20,PJ,Direta,15.0,2,
2025-01-20,REU,Direta,36.0,2,
2025-01-20,Riviera,Direta,4.0,1,
2025-01-20,Zumpy,LML,31.0,6,
2025-01-21,DMD,LML,19.0,2,
2025-01-21,Zumpy,LML,34.0,6,
2025-01-21,Riviera,Direta,7.0,0,
2025-01-21,REU,Direta,33.0,4,
2025-01-21,Assis Rio,Direta,47.0,5,
2025-01-21,JCM,Direta,4.0,2,
2025-01-21,FE,LML,28.0,3,
2025-01-21,PJ,Direta,15.0,1,
2025-01-22,PJ,Direta,14.0,1,
2025-01-22,Riviera,Direta,6.0,1,
2025-01-22,REU,Direta,31.0,3,
2025-01-22,Zumpy,LML,32.0,6,
2025-01-22,JCM,Direta,5.0,1,
2025-01-22,DMD,LML,19.0,1,
2025-01-22,Assis Rio,Direta,47.0,4,
2025-01-22,FE,LML,29.0,4,
2025-01-23,Riviera,Direta,5.0,0,
2025-01-23,REU,Direta,28.0,1,
2025-01-23,PJ,Direta,13.0,0,
2025-01-23,Zumpy,LML,37.0,3,
2025-01-23,FE,LML,25.0,7,
2025-01-23,DMD,LML,17.0,1,
2025-01-23,Assis Rio,Direta,48.0,9,
2025-01-23,JCM,Direta,6.0,0,
2025-01-24,Assis Rio,Direta,53.0,4,
2025-01-24,DMD,LML,18.0,1,
2025-01-24,FE,LML,29.0,4,
2025-01-24,JCM,Direta,6.0,2,
2025-01-24,PJ,Direta,18.0,2,
2025-01-24,REU,Direta,34.0,2,
2025-01-24,Riviera,Direta,8.0,2,
2025-01-24,Zumpy,LML,33.0,2,
2025-01-25,Riviera,Direta,2.0,0,
2025-01-25,Zumpy,LML,0.0,0,
2025-01-25,PJ,Direta,15.0,2,
2025-01-25,REU,Direta,31.0,2,
2025-01-25,FE,LML,0.0,0,
2025-01-25,JCM,Direta,7.0,2,
2025-01-25,DMD,LML,0.0,0,
2025-01-25,Assis Rio,Direta,42.0,3,
2025-01-26,Riviera,Direta,0.0,0,
2025-01-26,REU,Direta,0.0,0,
2025-01-26,PJ,Direta,0.0,0,
2025-01-26,Zumpy,LML,0.0,0,
2025-01-26,FE,LML,0.0,0,
2025-01-26,DMD,LML,0.0,0,
2025-01-26,Assis Rio,Direta,0.0,0,
2025-01-26,JCM,Direta,0.0,0,
2025-01-27,Assis Rio,Direta,48.0,6,
2025-01-27,DMD,LML,22.0,3,
2025-01-27,FE,LML,29.0,4,
2025-01-27,JCM,Direta,7.0,0,
2025-01-27,PJ,Direta,13.0,1,
2025-01-27,REU,Direta,32.0,4,
2025-01-27,Riviera,Direta,7.0,0,
2025-01-27,Zumpy,LML,32.0,3,
2025-01-28,REU,Direta,33.0,3,
2025-01-28,Zumpy,LML,34.0,3,
2025-01-28,Riviera,Direta,7.0,2,
2025-01-28,PJ,Direta,15.0,2,
2025-01-28,JCM,Direta,7.0,1,
2025-01-28,FE,LML,29.0,5,
2025-01-28,DMD,LML,20.0,3,
2025-01-28,Assis Rio,Direta,50.0,4,
2025-01-29,Assis Rio,Direta,48.0,5,
2025-01-29,DMD,LML,19.0,4,
2025-01-29,FE,LML,27.0,3,
2025-01-29,JCM,Direta,6.0,0,
2025-01-29,PJ,Direta,14.0,2,
2025-01-29,REU,Direta,30.0,3,
2025-01-29,Riviera,Direta,6.0,1,
2025-01-29,Zumpy,LML,35.0,3,
2025-01-30,Zumpy,LML,32.0,5,
2025-01-30,Riviera,Direta,5.0,1,
2025-01-30,REU,Direta,31.0,3,
2025-01-30,PJ,Direta,15.0,2,
2025-01-30,Assis Rio,Direta,47.0,3,
2025-01-30,FE,LML,27.0,4,
2025-01-30,DMD,LML,20.0,2,
2025-01-30,JCM,Direta,6.0,2,
2025-01-31,REU,Direta,34.0,4,
2025-01-31,Zumpy,LML,31.0,4,
2025-01-31,Riviera,Direta,6.0,2,
2025-01-31,PJ,Direta,13.0,1,
2025-01-31,JCM,Direta,6.0,1,
2025-01-31,FE,LML,24.0,4,
2025-01-31,DMD,LML,19.0,4,
2025-01-31,Assis Rio,Direta,48.0,4,
2025-02-01,Assis Rio,Direta,41.0,5,
2025-02-01,DMD,LML,0.0,0,
2025-02-01,FE,LML,10.0,2,
2025-02-01,JCM,Direta,5.0,0,
2025-02-01,PJ,Direta,14.0,2,
2025-02-01,REU,Direta,31.0,3,
2025-02-01,Riviera,Direta,2.0,0,
2025-02-01,Zumpy,LML,10.0,3,
2025-02-02,Zumpy,LML,0.0,0,
2025-02-02,Riviera,Direta,0.0,0,
2025-02-02,REU,Direta,0.0,0,
2025-02-02,PJ,Direta,0.0,0,
2025-02-02,Assis Rio,Direta,0.0,0,
2025-02-02,FE,LML,0.0,0,
2025-02-02,DMD,LML,0.0,0,
2025-02-02,JCM,Direta,0.0,0,
2025-02-03,REU,Direta,29.0,3,
2025-02-03,Zumpy,LML,31.0,7,
2025-02-03,Riviera,Direta,7.0,0,
2025-02-03,PJ,Direta,12.0,2,
2025-02-03,JCM,Direta,7.0,2,
2025-02-03,FE,LML,25.0,4,
2025-02-03,DMD,LML,18.0,0,
2025-02-03,Assis Rio,Direta,45.0,5,
2025-02-04,Riviera,Direta,7.0,2,
2025-02-04,REU,Direta,34.0,3,
2025-02-04,PJ,Direta,15.0,2,
2025-02-04,Zumpy,LML,35.0,4,
2025-02-04,FE,LML,29.0,3,
2025-02-04,DMD,LML,22.0,1,
2025-02-04,Assis Rio,Direta,44.0,2,
2025-02-04,JCM,Direta,7.0,1,
2025-02-05,Assis Rio,Direta,44.0,2,
2025-02-05,DMD,LML,21.0,0,
2025-02-05,FE,LML,28.0,5,
2025-02-05,JCM,Direta,6.0,1,
2025-02-05,PJ,Direta,13.0,2,
2025-02-05,REU,Direta,32.0,5,
2025-02-05,Riviera,Direta,6.0,0,
2025-02-05,Zumpy,LML,32.0,6,
2025-02-06,REU,Direta,25.0,2,
2025-02-06,Riviera,Direta,4.0,1,
2025-02-06,PJ,Direta,14.0,2,
2025-02-06,Zumpy,LML,35.0,7,
2025-02-06,FE,LML,27.0,2,
2025-02-06,DMD,LML,18.0,1,
2025-02-06,Assis Rio,Direta,42.0,3,
2025-02-06,JCM,Direta,6.0,1,
2025-02-07,Riviera,Direta,6.0,1,
2025-02-07,REU,Direta,34.0,4,
2025-02-07,PJ,Direta,15.0,1,
2025-02-07,Zumpy,LML,33.0,3,
2025-02-07,FE,LML,26.0,3,
2025-02-07,DMD,LML,19.0,4,
2025-02-07,Assis Rio,Direta,45.0,4,
2025-02-07,JCM,Direta,7.0,2,
2025-02-08,Assis Rio,Direta,45.0,5,
2025-02-08,DMD,LML,1.0,1,
2025-02-08,FE,LML,11.0,4,
2025-02-08,JCM,Direta,4.0,0,
2025-02-08,PJ,Direta,16.0,2,
2025-02-08,REU,Direta,32.0,3,
2025-02-08,Riviera,Direta,2.0,0,
2025-02-08,Zumpy,LML,8.0,0,
2025-02-09,REU,Direta,0.0,0,
2025-02-09,Zumpy,LML,0.0,0,
2025-02-09,Riviera,Direta,0.0,0,
2025-02-09,PJ,Direta,0.0,0,
2025-02-09,JCM,Direta,0.0,0,
2025-02-09,FE,LML,0.0,0,
2025-02-09,DMD,LML,0.0,0,
2025-02-09,Assis Rio,Direta,0.0,0,
2025-02-10,Riviera,Direta,7.0,1,
2025-02-10,REU,Direta,34.0,3,
2025-02-10,PJ,Direta,13.0,2,
2025-02-10,Zumpy,LML,26.0,3,
2025-02-10,FE,LML,29.0,7,
2025-02-10,DMD,LML,21.0,1,
2025-02-10,Assis Rio,Direta,47.0,5,
2025-02-10,JCM,Direta,7.0,1,
2025-02-11,Assis Rio,Direta,50.0,3,
2025-02-11,DMD,LML,24.0,5,
2025-02-11,FE,LML,27.0,3,
2025-02-11,JCM,Direta,8.0,1,
2025-02-11,PJ,Direta,15.0,2,
2025-02-11,REU,Direta,36.0,5,
2025-02-11,Riviera,Direta,4.0,1,
2025-02-11,Zumpy,LML,32.0,2,
2025-02-12,REU,Direta,33.0,4,
2025-02-12,Riviera,Direta,5.0,0,
2025-02-12,PJ,Direta,15.0,1,
2025-02-12,Zumpy,LML,33.0,5,
2025-02-12,FE,LML,29.0,3,
2025-02-12,DMD,LML,22.0,3,
2025-02-12,Assis Rio,Direta,47.0,6,
2025-02-12,JCM,Direta,7.0,0,
2025-02-13,Riviera,Direta,6.0,1,
2025-02-13,REU,Direta,33.0,4,
2025-02-13,PJ,Direta,16.0,2,
2025-02-13,Zumpy,LML,33.0,5,
2025-02-13,FE,LML,28.0,5,
2025-02-13,DMD,LML,20.0,0,
2025-02-13,Assis Rio,Direta,48.0,2,
2025-02-13,JCM,Direta,6.0,2,
2025-02-14,Assis Rio,Direta,50.0,5,
2025-02-14,DMD,LML,18.0,0,
2025-02-14,FE,LML,29.0,5,
2025-02-14,JCM,Direta,6.0,0,
2025-02-14,PJ,Direta,13.0,1,
2025-02-14,REU,Direta,33.0,2,
2025-02-14,Riviera,Direta,5.0,2,
2025-02-14,Zumpy,LML,32.0,5,
2025-02-15,REU,Direta,31.0,4,
2025-02-15,Riviera,Direta,3.0,2,
2025-02-15,PJ,Direta,15.0,0,
2025-02-15,Zumpy,LML,10.0,2,
2025-02-15,FE,LML,16.0,4,
2025-02-15,DMD,LML,0.0,0,
2025-02-15,Assis Rio,Direta,41.0,4,
2025-02-15,JCM,Direta,4.0,0,
2025-02-16,Assis Rio,Direta,0.0,0,
2025-02-16,DMD,LML,0.0,0,
2025-02-16,FE,LML,0.0,0,
2025-02-16,JCM,Direta,0.0,0,
2025-02-16,PJ,Direta,0.0,0,
2025-02-16,REU,Direta,0.0,0,
2025-02-16,Riviera,Direta,0.0,0,
2025-02-16,Zumpy,LML,0.0,0,
2025-02-17,Zumpy,LML,34.0,3,
2025-02-17,Riviera,Direta,9.0,0,
2025-02-17,REU,Direta,32.0,4,
2025-02-17,PJ,Direta,12.0,1,
2025-02-17,JCM,Direta,6.0,1,
2025-02-17,DMD,LML,21.0,3,
2025-02-17,Assis Rio,Direta,46.0,5,
2025-02-17,FE,LML,24.0,4,
2025-02-18,Assis Rio,Direta,46.0,4,
2025-02-18,DMD,LML,20.0,3,
2025-02-18,FE,LML,29.0,3,
2025-02-18,JCM,Direta,7.0,1,
2025-02-18,PJ,Direta,18.0,1,
2025-02-18,REU,Direta,37.0,4,
2025-02-18,Riviera,Direta,6.0,1,
2025-02-18,Zumpy,LML,31.0,4,
2025-02-19,Riviera,Direta,3.0,1,
2025-02-19,Zumpy,LML,31.0,1,
2025-02-19,PJ,Direta,14.0,2,
2025-02-19,REU,Direta,33.0,4,
2025-02-19,FE,LML,29.0,5,
2025-02-19,Assis Rio,Direta,43.0,3,
2025-02-19,JCM,Direta,8.0,1,
2025-02-19,DMD,LML,18.0,4,
2025-02-20,Assis Rio,Direta,44.0,7,
2025-02-20,DMD,LML,15.0,2,
2025-02-20,FE,LML,23.0,4,
2025-02-20,JCM,Direta,6.0,1,
2025-02-20,PJ,Direta,13.0,1,
2025-02-20,REU,Direta,29.0,2,
2025-02-20,Riviera,Direta,7.0,0,
2025-02-20,Zumpy,LML,34.0,4,
2025-02-21,REU,Direta,35.0,4,
2025-02-21,Zumpy,LML,34.0,6,
2025-02-21,Riviera,Direta,6.0,1,
2025-02-21,PJ,Direta,13.0,0,
2025-02-21,Assis Rio,Direta,48.0,6,
2025-02-21,FE,LML,28.0,0,
2025-02-21,DMD,LML,19.0,4,
2025-02-21,JCM,Direta,6.0,0,
2025-02-22,Riviera,Direta,2.0,0,
2025-02-22,Zumpy,LML,15.0,3,
2025-02-22,REU,Direta,33.0,3,
2025-02-22,PJ,Direta,15.0,3,
2025-02-22,FE,LML,12.0,1,
2025-02-22,DMD,LML,7.0,2,
2025-02-22,Assis Rio,Direta,39.0,4,
2025-02-22,JCM,Direta,3.0,0,
2025-02-23,Zumpy,LML,0.0,0,
2025-02-23,Riviera,Direta,0.0,0,
2025-02-23,REU,Direta,0.0,0,
2025-02-23,PJ,Direta,0.0,0,
2025-02-23,DMD,LML,0.0,0,
2025-02-23,FE,LML,0.0,0,
2025-02-23,Assis Rio,Direta,0.0,0,
2025-02-23,JCM,Direta,0.0,0,
2025-02-24,Assis Rio,Direta,45.0,6,
2025-02-24,DMD,LML,18.0,3,
2025-02-24,FE,LML,28.0,4,
2025-02-24,JCM,Direta,6.0,0,
2025-02-24,PJ,Direta,12.0,2,
2025-02-24,REU,Direta,31.0,2,
2025-02-24,Riviera,Direta,7.0,0,
2025-02-24,Zumpy,LML,39.0,3,
2025-02-25,Riviera,Direta,7.0,1,
2025-02-25,Zumpy,LML,38.0,5,
2025-02-25,REU,Direta,36.0,3,
2025-02-25,PJ,Direta,14.0,1,
2025-02-25,FE,LML,27.0,2,
2025-02-25,DMD,LML,20.0,3,
2025-02-25,Assis Rio,Direta,43.0,4,
2025-02-25,JCM,Direta,7.0,1,
2025-02-26,Zumpy,LML,38.0,4,
2025-02-26,Riviera,Direta,5.0,1,
2025-02-26,REU,Direta,29.0,3,
2025-02-26,PJ,Direta,15.0,2,
2025-02-26,DMD,LML,20.0,4,
2025-02-26,FE,LML,27.0,1,
2025-02-26,Assis Rio,Direta,46.0,4,
2025-02-26,JCM,Direta,6.0,0,
2025-02-27,Assis Rio,Direta,45.0,5,
2025-02-27,DMD,LML,17.0,4,
2025-02-27,FE,LML,27.0,0,
2025-02-27,JCM,Direta,5.0,0,
2025-02-27,PJ,Direta,13.0,2,
2025-02-27,REU,Direta,26.0,1,
2025-02-27,Riviera,Direta,6.0,0,
2025-02-27,Zumpy,LML,31.0,5,
2025-02-28,Riviera,Direta,5.0,1,
2025-02-28,REU,Direta,30.0,2,
2025-02-28,PJ,Direta,10.0,1,
2025-02-28,Zumpy,LML,35.0,5,
2025-02-28,FE,LML,24.0,2,
2025-02-28,DMD,LML,18.0,2,
2025-02-28,Assis Rio,Direta,43.0,5,
2025-02-28,JCM,Direta,6.0,1,
2025-03-01,Riviera,Direta,3.0,1,
2025-03-01,REU,Direta,22.0,3,
2025-03-01,PJ,Direta,7.0,0,
2025-03-01,Zumpy,LML,25.0,1,
2025-03-01,FE,LML,18.0,5,
2025-03-01,DMD,LML,16.0,1,
2025-03-01,Assis Rio,Direta,7.0,0,
2025-03-01,JCM,Direta,5.0,1,
2025-03-02,Assis Rio,Direta,0.0,0,
2025-03-02,DMD,LML,0.0,0,
2025-03-02,FE,LML,0.0,0,
2025-03-02,JCM,Direta,0.0,0,
2025-03-02,PJ,Direta,0.0,0,
2025-03-02,REU,Direta,0.0,0,
2025-03-02,Riviera,Direta,0.0,0,
2025-03-02,Zumpy,LML,0.0,0,
2025-03-03,REU,Direta,26.0,4,
2025-03-03,Riviera,Direta,1.0,0,
2025-03-03,PJ,Direta,9.0,0,
2025-03-03,Zumpy,LML,0.0,0,
2025-03-03,FE,LML,0.0,0,
2025-03-03,DMD,LML,0.0,0,
2025-03-03,Assis Rio,Direta,3.0,1,
2025-03-03,JCM,Direta,0.0,0,
2025-03-04,Zumpy,LML,0.0,0,
2025-03-04,Riviera,Direta,0.0,0,
2025-03-04,REU,Direta,0.0,0,
2025-03-04,PJ,Direta,0.0,0,
2025-03-04,DMD,LML,0.0,0,
2025-03-04,FE,LML,0.0,0,
2025-03-04,JCM,Direta,0.0,0,
2025-03-04,Assis Rio,Direta,0.0,0,
2025-03-05,Assis Rio,Direta,44.0,2,
2025-03-05,DMD,LML,20.0,1,
2025-03-05,FE,LML,22.0,4,
2025-03-05,JCM,Direta,6.0,1,
2025-03-05,PJ,Direta,12.0,1,
2025-03-05,REU,Direta,25.0,5,
2025-03-05,Riviera,Direta,4.0,1,
2025-03-05,Zumpy,LML,32.0,2,
2025-03-06,Zumpy,LML,35.0,3,
2025-03-06,Riviera,Direta,7.0,0,
2025-03-06,REU,Direta,26.0,3,
2025-03-06,PJ,Direta,13.0,1,
2025-03-06,DMD,LML,17.0,2,
2025-03-06,FE,LML,23.0,3,
2025-03-06,Assis Rio,Direta,45.0,7,
2025-03-06,JCM,Direta,6.0,0,
2025-03-07,REU,Direta,31.0,4,
2025-03-07,Zumpy,LML,35.0,4,
2025-03-07,Riviera,Direta,6.0,0,
2025-03-07,PJ,Direta,13.0,1,
2025-03-07,JCM,Direta,6.0,2,
2025-03-07,FE,LML,27.0,2,
2025-03-07,DMD,LML,20.0,2,
2025-03-07,Assis Rio,Direta,48.0,5,
2025-03-08,Riviera,Direta,1.0,0,
2025-03-08,REU,Direta,32.0,4,
2025-03-08,PJ,Direta,15.0,3,
2025-03-08,Zumpy,LML,14.0,1,
2025-03-08,FE,LML,12.0,2,
2025-03-08,DMD,LML,6.0,0,
2025-03-08,Assis Rio,Direta,41.0,4,
2025-03-08,JCM,Direta,5.0,0,
2025-03-09,Assis Rio,Direta,0.0,0,
2025-03-09,DMD,LML,0.0,0,
2025-03-09,FE,LML,0.0,0,
2025-03-09,JCM,Direta,0.0,0,
2025-03-09,PJ,Direta,0.0,0,
2025-03-09,REU,Direta,0.0,0,
2025-03-09,Riviera,Direta,0.0,0,
2025-03-09,Zumpy,LML,0.0,0,
2025-03-10,REU,Direta,33.0,2,
2025-03-10,Riviera,Direta,6.0,1,
2025-03-10,Zumpy,LML,33.0,4,
2025-03-10,PJ,Direta,15.0,2,
2025-03-10,FE,LML,26.0,3,
2025-03-10,Assis Rio,Direta,44.0,6,
2025-03-10,JCM,Direta,4.0,0,
2025-03-10,DMD,LML,20.0,1,
2025-03-11,Zumpy,LML,34.0,4,
2025-03-11,Assis Rio,Direta,47.0,3,
2025-03-11,DMD,LML,20.0,4,
2025-03-11,FE,LML,25.0,0,
2025-03-11,JCM,Direta,6.0,1,
2025-03-11,PJ,Direta,15.0,3,
2025-03-11,REU,Direta,33.0,3,
2025-03-11,Riviera,Direta,5.0,1,
2025-03-12,Zumpy,LML,34.0,3,
2025-03-12,Riviera,Direta,5.0,1,
2025-03-12,REU,Direta,33.0,4,
2025-03-12,PJ,Direta,15.0,2,
2025-03-12,DMD,LML,20.0,3,
2025-03-12,FE,LML,25.0,1,
2025-03-12,Assis Rio,Direta,47.0,5,
2025-03-12,JCM,Direta,6.0,0,
2025-03-13,PJ,Direta,15.0,3,
2025-03-13,Riviera,Direta,5.0,0,
2025-03-13,REU,Direta,29.0,3,
2025-03-13,Zumpy,LML,30.0,2,
2025-03-13,JCM,Direta,6.0,1,
2025-03-13,DMD,LML,20.0,2,
2025-03-13,Assis Rio,Direta,50.0,5,
2025-03-13,FE,LML,27.0,3,
2025-03-14,Assis Rio,Direta,47.0,5,
2025-03-14,DMD,LML,19.0,2,
2025-03-14,FE,LML,28.0,3,
2025-03-14,JCM,Direta,5.0,0,
2025-03-14,PJ,Direta,11.0,2,
2025-03-14,REU,Direta,34.0,3,
2025-03-14,Riviera,Direta,5.0,1,
2025-03-14,Zumpy,LML,34.0,3,
2025-03-15,Zumpy,LML,17.0,2,
2025-03-15,Riviera,Direta,2.0,1,
2025-03-15,REU,Direta,28.0,4,
2025-03-15,PJ,Direta,17.0,3,
2025-03-15,Assis Rio,Direta,43.0,2,
2025-03-15,FE,LML,16.0,2,
2025-03-15,DMD,LML,3.0,0,
2025-03-15,JCM,Direta,4.0,0,
2025-03-16,PJ,Direta,0.0,0,
2025-03-16,Riviera,Direta,0.0,0,
2025-03-16,REU,Direta,0.0,0,
2025-03-16,Zumpy,LML,0.0,0,
2025-03-16,JCM,Direta,0.0,0,
2025-03-16,DMD,LML,0.0,0,
2025-03-16,Assis Rio,Direta,0.0,0,
2025-03-16,FE,LML,0.0,0,
2025-03-17,Assis Rio,Direta,44.0,4,
2025-03-17,DMD,LML,17.0,3,
2025-03-17,FE,LML,25.0,0,
2025-03-17,JCM,Direta,6.0,1,
2025-03-17,PJ,Direta,11.0,1,
2025-03-17,REU,Direta,28.0,2,
2025-03-17,Riviera,Direta,7.0,2,
2025-03-17,Zumpy,LML,33.0,4,
2025-03-18,Zumpy,LML,35.0,4,
2025-03-18,Riviera,Direta,6.0,2,
2025-03-18,REU,Direta,34.0,3,
2025-03-18,PJ,Direta,13.0,1,
2025-03-18,FE,LML,30.0,2,
2025-03-18,DMD,LML,18.0,2,
2025-03-18,Assis Rio,Direta,49.0,3,
2025-03-18,JCM,Direta,7.0,1,
2025-03-19,Assis Rio,Direta,45.0,5,
2025-03-19,DMD,LML,22.0,2,
2025-03-19,FE,LML,26.0,4,
2025-03-19,JCM,Direta,6.0,1,
2025-03-19,PJ,Direta,13.0,2,
2025-03-19,REU,Direta,31.0,3,
2025-03-19,Riviera,Direta,4.0,0,
2025-03-19,Zumpy,LML,36.0,2,
2025-03-20,REU,Direta,24.0,4,
2025-03-20,Zumpy,LML,35.0,4,
2025-03-20,Riviera,Direta,5.0,0,
2025-03-20,PJ,Direta,19.0,1,
2025-03-20,Assis Rio,Direta,45.0,5,
2025-03-20,FE,LML,27.0,2,
2025-03-20,DMD,LML,17.0,2,
2025-03-20,JCM,Direta,6.0,1,
2025-03-21,Assis Rio,Direta,47.0,5,
2025-03-21,DMD,LML,19.0,2,
2025-03-21,FE,LML,27.0,2,
2025-03-21,JCM,Direta,8.0,0,
2025-03-21,PJ,Direta,11.0,3,
2025-03-21,REU,Direta,31.0,4,
2025-03-21,Riviera,Direta,6.0,0,
2025-03-21,Zumpy,LML,31.0,3,
2025-03-22,Zumpy,LML,15.0,1,
2025-03-22,Riviera,Direta,2.0,1,
2025-03-22,REU,Direta,28.0,3,
2025-03-22,PJ,Direta,13.0,2,
2025-03-22,Assis Rio,Direta,38.0,2,
2025-03-22,FE,LML,14.0,1,
2025-03-22,DMD,LML,8.0,1,
2025-03-22,JCM,Direta,3.0,1,
2025-03-23,REU,Direta,0.0,0,
2025-03-23,Zumpy,LML,0.0,0,
2025-03-23,Riviera,Direta,0.0,0,
2025-03-23,PJ,Direta,0.0,0,
2025-03-23,Assis Rio,Direta,0.0,0,
2025-03-23,FE,LML,0.0,0,
2025-03-23,JCM,Direta,0.0,0,
2025-03-23,DMD,LML,0.0,0,
2025-03-24,Zumpy,LML,31.0,3,
2025-03-24,Assis Rio,Direta,49.0,7,
2025-03-24,DMD,LML,18.0,3,
2025-03-24,FE,LML,23.0,2,
2025-03-24,JCM,Direta,8.0,0,
2025-03-24,PJ,Direta,13.0,1,
2025-03-24,REU,Direta,31.0,2,
2025-03-24,Riviera,Direta,7.0,1,
2025-03-25,Zumpy,LML,34.0,3,
2025-03-25,Riviera,Direta,7.0,2,
2025-03-25,REU,Direta,32.0,2,
2025-03-25,PJ,Direta,13.0,2,
2025-03-25,Assis Rio,Direta,45.0,6,
2025-03-25,FE,LML,26.0,3,
2025-03-25,DMD,LML,20.0,2,
2025-03-25,JCM,Direta,4.0,0,
2025-03-26,REU,Direta,29.0,1,
2025-03-26,Riviera,Direta,4.0,0,
2025-03-26,Zumpy,LML,34.0,2,
2025-03-26,PJ,Direta,12.0,1,
2025-03-26,FE,LML,28.0,3,
2025-03-26,DMD,LML,21.0,3,
2025-03-26,Assis Rio,Direta,44.0,5,
2025-03-26,JCM,Direta,6.0,1,
2025-03-27,Riviera,Direta,7.0,1,
2025-03-27,REU,Direta,23.0,4,
2025-03-27,PJ,Direta,12.0,2,
2025-03-27,Zumpy,LML,36.0,0,
2025-03-27,FE,LML,30.0,7,
2025-03-27,DMD,LML,18.0,1,
2025-03-27,Assis Rio,Direta,42.0,4,
2025-03-27,JCM,Direta,5.0,1,
2025-03-28,Assis Rio,Direta,49.0,6,
2025-03-28,DMD,LML,18.0,3,
2025-03-28,FE,LML,28.0,3,
2025-03-28,JCM,Direta,0.0,0,
2025-03-28,PJ,Direta,14.0,1,
2025-03-28,REU,Direta,30.0,0,
2025-03-28,Riviera,Direta,5.0,0,
2025-03-28,Zumpy,LML,36.0,1,
2025-03-29,REU,Direta,25.0,4,
2025-03-29,Zumpy,LML,15.0,5,
2025-03-29,Riviera,Direta,3.0,0,
2025-03-29,PJ,Direta,13.0,1,
2025-03-29,Assis Rio,Direta,0.0,3,
2025-03-29,FE,LML,16.0,0,
2025-03-29,JCM,Direta,5.0,1,
2025-03-29,DMD,LML,9.0,2,
2025-03-30,Assis Rio,Direta,0.0,0,
2025-03-30,DMD,LML,0.0,0,
2025-03-30,FE,LML,0.0,0,
2025-03-30,JCM,Direta,0.0,0,
2025-03-30,PJ,Direta,0.0,0,
2025-03-30,REU,Direta,0.0,0,
2025-03-30,Riviera,Direta,0.0,0,
2025-03-30,Zumpy,LML,0.0,0,
2025-03-31,Zumpy,LML,32.0,1,
2025-03-31,Riviera,Direta,7.0,3,
2025-03-31,REU,Direta,28.0,1,
2025-03-31,PJ,Direta,14.0,1,
2025-03-31,DMD,LML,18.0,4,
2025-03-31,FE,LML,30.0,3,
2025-03-31,Assis Rio,Direta,47.0,6,
2025-03-31,JCM,Direta,6.0,0,
2025-04-01,REU,Direta,31.0,3,
2025-04-01,Zumpy,LML,36.0,1,
2025-04-01,Riviera,Direta,5.0,1,
2025-04-01,PJ,Direta,14.0,2,
2025-04-01,JCM,Direta,5.0,0,
2025-04-01,FE,LML,29.0,4,
2025-04-01,DMD,LML,19.0,3,
2025-04-01,Assis Rio,Direta,41.0,4,
2025-04-02,Riviera,Direta,5.0,2,
2025-04-02,REU,Direta,35.0,2,
2025-04-02,PJ,Direta,12.0,1,
2025-04-02,Zumpy,LML,34.0,1,
2025-04-02,FE,LML,27.0,5,
2025-04-02,DMD,LML,19.0,1,
2025-04-02,Assis Rio,Direta,45.0,7,
2025-04-02,JCM,Direta,5.0,1,
2025-04-03,Assis Rio,Direta,43.0,6,
2025-04-03,DMD,LML,20.0,1,
2025-04-03,FE,LML,30.0,2,
2025-04-03,JCM,Direta,7.0,1,
2025-04-03,PJ,Direta,14.0,1,
2025-04-03,REU,Direta,26.0,1,
2025-04-03,Riviera,Direta,6.0,1,
2025-04-03,Zumpy,LML,35.0,6,
2025-04-04,REU,Direta,30.0,5,
2025-04-04,Riviera,Direta,6.0,1,
2025-04-04,Zumpy,LML,35.0,5,
2025-04-04,PJ,Direta,9.0,1,
2025-04-04,FE,LML,29.0,2,
2025-04-04,Assis Rio,Direta,44.0,4,
2025-04-04,JCM,Direta,7.0,0,
2025-04-04,DMD,LML,19.0,1,
2025-04-05,Zumpy,LML,0.0,0,
2025-04-05,Assis Rio,Direta,36.0,3,
2025-04-05,DMD,LML,0.0,0,
2025-04-05,FE,LML,0.0,0,
2025-04-05,JCM,Direta,5.0,0,
2025-04-05,PJ,Direta,14.0,3,
2025-04-05,REU,Direta,29.0,2,
2025-04-05,Riviera,Direta,2.0,0,
2025-04-06,Zumpy,LML,0.0,0,
2025-04-06,Riviera,Direta,0.0,0,
2025-04-06,REU,Direta,0.0,0,
2025-04-06,PJ,Direta,0.0,0,
2025-04-06,DMD,LML,0.0,0,
2025-04-06,FE,LML,0.0,0,
2025-04-06,Assis Rio,Direta,0.0,0,
2025-04-06,JCM,Direta,0.0,0,
2025-04-07,PJ,Direta,13.0,1,
2025-04-07,Riviera,Direta,7.0,1,
2025-04-07,REU,Direta,29.0,1,
2025-04-07,Zumpy,LML,36.0,5,
2025-04-07,JCM,Direta,6.0,2,
2025-04-07,DMD,LML,22.0,2,
2025-04-07,Assis Rio,Direta,44.0,5,
2025-04-07,FE,LML,30.0,2,
2025-04-08,Assis Rio,Direta,40.0,2,
2025-04-08,DMD,LML,21.0,4,
2025-04-08,FE,LML,26.0,2,
2025-04-08,JCM,Direta,6.0,0,
2025-04-08,PJ,Direta,13.0,3,
2025-04-08,REU,Direta,32.0,3,
2025-04-08,Riviera,Direta,6.0,2,
2025-04-08,Zumpy,LML,33.0,2,
2025-04-09,Zumpy,LML,32.0,3,
2025-04-09,Riviera,Direta,5.0,1,
2025-04-09,REU,Direta,34.0,2,
2025-04-09,PJ,Direta,13.0,1,
2025-04-09,Assis Rio,Direta,41.0,6,
2025-04-09,FE,LML,29.0,3,
2025-04-09,DMD,LML,19.0,2,
2025-04-09,JCM,Direta,4.0,0,
2025-04-10,REU,Direta,31.0,3,
2025-04-10,Zumpy,LML,35.0,3,
2025-04-10,Riviera,Direta,7.0,2,
2025-04-10,PJ,Direta,13.0,2,
2025-04-10,JCM,Direta,4.0,0,
2025-04-10,FE,LML,31.0,3,
2025-04-10,DMD,LML,21.0,3,
2025-04-10,Assis Rio,Direta,42.0,3,
2025-04-11,Riviera,Direta,5.0,2,
2025-04-11,REU,Direta,33.0,3,
2025-04-11,PJ,Direta,12.0,2,
2025-04-11,Zumpy,LML,33.0,3,
2025-04-11,FE,LML,31.0,5,
2025-04-11,DMD,LML,17.0,2,
2025-04-11,Assis Rio,Direta,46.0,2,
2025-04-11,JCM,Direta,5.0,0,
2025-04-12,Assis Rio,Direta,42.0,3,
2025-04-12,DMD,LML,15.0,3,
2025-04-12,FE,LML,23.0,2,
2025-04-12,JCM,Direta,5.0,0,
2025-04-12,PJ,Direta,13.0,1,
2025-04-12,REU,Direta,29.0,4,
2025-04-12,Riviera,Direta,2.0,0,
2025-04-12,Zumpy,LML,31.0,2,
2025-04-13,Riviera,Direta,0.0,0,
2025-04-13,Zumpy,LML,0.0,0,
2025-04-13,REU,Direta,0.0,0,
2025-04-13,PJ,Direta,0.0,0,
2025-04-13,FE,LML,0.0,0,
2025-04-13,DMD,LML,0.0,0,
2025-04-13,Assis Rio,Direta,0.0,0,
2025-04-13,JCM,Direta,0.0,0,
2025-04-14,Zumpy,LML,34.0,6,
2025-04-14,REU,Direta,35.0,3,
2025-04-14,PJ,Direta,12.0,2,
2025-04-14,Riviera,Direta,7.0,2,
2025-04-14,FE,LML,28.0,1,
2025-04-14,DMD,LML,18.0,1,
2025-04-14,Assis Rio,Direta,46.0,2,
2025-04-14,JCM,Direta,6.0,2,
2025-04-15,Zumpy,LML,36.0,4,
2025-04-15,Assis Rio,Direta,45.0,4,
2025-04-15,DMD,LML,23.0,2,
2025-04-15,FE,LML,28.0,2,
2025-04-15,JCM,Direta,6.0,0,
2025-04-15,PJ,Direta,16.0,2,
2025-04-15,REU,Direta,33.0,4,
2025-04-15,Riviera,Direta,7.0,1,
2025-04-16,Riviera,Direta,6.0,0,
2025-04-16,REU,Direta,32.0,0,
2025-04-16,Zumpy,LML,38.0,1,
2025-04-16,PJ,Direta,13.0,0,
2025-04-16,JCM,Direta,5.0,0,
2025-04-16,FE,LML,30.0,3,
2025-04-16,DMD,LML,21.0,4,
2025-04-16,Assis Rio,Direta,44.0,0,
2025-04-17,Assis Rio,Direta,43.0,5,
2025-04-17,DMD,LML,22.0,2,
2025-04-17,FE,LML,28.0,2,
2025-04-17,JCM,Direta,7.0,1,
2025-04-17,PJ,Direta,15.0,1,
2025-04-17,REU,Direta,29.0,2,
2025-04-17,Riviera,Direta,5.0,1,
2025-04-17,Zumpy,LML,35.0,4,
2025-04-18,Zumpy,LML,0.0,0,
2025-04-18,Riviera,Direta,0.0,0,
2025-04-18,REU,Direta,0.0,0,
2025-04-18,PJ,Direta,0.0,0,
2025-04-18,Assis Rio,Direta,0.0,0,
2025-04-18,FE,LML,0.0,0,
2025-04-18,DMD,LML,0.0,0,
2025-04-18,JCM,Direta,0.0,0,
2025-04-19,REU,Direta,25.0,2,
2025-04-19,Zumpy,LML,36.0,3,
2025-04-19,Riviera,Direta,2.0,0,
2025-04-19,PJ,Direta,16.0,1,
2025-04-19,JCM,Direta,5.0,0,
2025-04-19,FE,LML,27.0,2,
2025-04-19,DMD,LML,15.0,3,
2025-04-19,Assis Rio,Direta,34.0,7,
2025-04-20,Riviera,Direta,0.0,0,
2025-04-20,REU,Direta,0.0,0,
2025-04-20,PJ,Direta,0.0,0,
2025-04-20,Zumpy,LML,0.0,0,
2025-04-20,FE,LML,0.0,0,
2025-04-20,DMD,LML,0.0,0,
2025-04-20,Assis Rio,Direta,0.0,0,
2025-04-20,JCM,Direta,0.0,0,
2025-04-21,Assis Rio,Direta,15.0,2,
2025-04-21,DMD,LML,17.0,1,
2025-04-21,FE,LML,20.0,2,
2025-04-21,JCM,Direta,3.0,1,
2025-04-21,PJ,Direta,11.0,2,
2025-04-21,REU,Direta,21.0,3,
2025-04-21,Riviera,Direta,3.0,0,
2025-04-21,Zumpy,LML,22.0,2,
2025-04-22,REU,Direta,26.0,5,
2025-04-22,Riviera,Direta,6.0,1,
2025-04-22,PJ,Direta,15.0,2,
2025-04-22,Zumpy,LML,22.0,3,
2025-04-22,FE,LML,20.0,0,
2025-04-22,DMD,LML,8.0,2,
2025-04-22,Assis Rio,Direta,40.0,1,
2025-04-22,JCM,Direta,7.0,1,
2025-04-23,Riviera,Direta,3.0,0,
2025-04-23,REU,Direta,20.0,3,
2025-04-23,PJ,Direta,13.0,0,
2025-04-23,Zumpy,LML,37.0,4,
2025-04-23,FE,LML,26.0,4,
2025-04-23,DMD,LML,18.0,0,
2025-04-23,Assis Rio,Direta,18.0,2,
2025-04-23,JCM,Direta,4.0,1,
2025-04-24,Assis Rio,Direta,43.0,4,
2025-04-24,DMD,LML,20.0,3,
2025-04-24,FE,LML,26.0,2,
2025-04-24,JCM,Direta,6.0,0,
2025-04-24,PJ,Direta,12.0,2,
2025-04-24,REU,Direta,19.0,3,
2025-04-24,Riviera,Direta,4.0,1,
2025-04-24,Zumpy,LML,38.0,3,
2025-04-25,REU,Direta,28.0,2,
2025-04-25,Zumpy,LML,38.0,3,
2025-04-25,Riviera,Direta,7.0,3,
2025-04-25,PJ,Direta,12.0,1,
2025-04-25,JCM,Direta,5.0,1,
2025-04-25,FE,LML,25.0,2,
2025-04-25,DMD,LML,23.0,4,
2025-04-25,Assis Rio,Direta,46.0,3,
2025-04-26,Riviera,Direta,2.0,1,
2025-04-26,REU,Direta,25.0,4,
2025-04-26,PJ,Direta,16.0,2,
2025-04-26,Zumpy,LML,31.0,3,
2025-04-26,FE,LML,24.0,2,
2025-04-26,DMD,LML,21.0,3,
2025-04-26,Assis Rio,Direta,38.0,3,
2025-04-26,JCM,Direta,3.0,0,
2025-04-27,Assis Rio,Direta,0.0,0,
2025-04-27,DMD,LML,0.0,0,
2025-04-27,FE,LML,0.0,0,
2025-04-27,JCM,Direta,0.0,0,
2025-04-27,PJ,Direta,0.0,0,
2025-04-27,REU,Direta,0.0,0,
2025-04-27,Riviera,Direta,0.0,0,
2025-04-27,Zumpy,LML,0.0,0,
2025-04-28,REU,Direta,27.0,4,
2025-04-28,Riviera,Direta,7.0,0,
2025-04-28,PJ,Direta,15.0,3,
2025-04-28,Zumpy,LML,38.0,3,
2025-04-28,FE,LML,26.0,4,
2025-04-28,DMD,LML,19.0,1,
2025-04-28,Assis Rio,Direta,44.0,7,
2025-04-28,JCM,Direta,6.0,0,
2025-04-29,Riviera,Direta,6.0,1,
2025-04-29,REU,Direta,29.0,1,
2025-04-29,PJ,Direta,17.0,3,
2025-04-29,Zumpy,LML,39.0,3,
2025-04-29,FE,LML,29.0,3,
2025-04-29,DMD,LML,24.0,3,
2025-04-29,Assis Rio,Direta,43.0,4,
2025-04-29,JCM,Direta,6.0,1,
2025-04-30,Assis Rio,Direta,41.0,4,
2025-04-30,DMD,LML,25.0,4,
2025-04-30,FE,LML,32.0,2,
2025-04-30,JCM,Direta,6.0,2,
2025-04-30,PJ,Direta,15.0,2,
2025-04-30,REU,Direta,25.0,2,
2025-04-30,Riviera,Direta,5.0,0,
2025-04-30,Zumpy,LML,39.0,3,
2025-05-01,REU,Direta,0.0,0,
2025-05-01,Riviera,Direta,0.0,0,
2025-05-01,PJ,Direta,0.0,0,
2025-05-01,Zumpy,LML,25.0,0,
2025-05-01,FE,LML,30.0,3,
2025-05-01,DMD,LML,17.0,3,
2025-05-01,Assis Rio,Direta,0.0,0,
2025-05-01,JCM,Direta,0.0,0,
2025-05-02,Assis Rio,Direta,41.0,5,
2025-05-02,DMD,LML,28.0,2,
2025-05-02,FE,LML,0.0,5,
2025-05-02,JCM,Direta,12.0,0,
2025-05-02,PJ,Direta,43.0,1,
2025-05-02,REU,Direta,6.0,3,
2025-05-02,Riviera,Direta,26.0,1,
2025-05-02,Zumpy,LML,20.0,3,
2025-05-03,Zumpy,LML,20.0,2,
2025-05-03,Riviera,Direta,28.0,1,
2025-05-03,REU,Direta,6.0,3,
2025-05-03,PJ,Direta,38.0,0,
2025-05-03,JCM,Direta,15.0,0,
2025-05-03,DMD,LML,21.0,2,
2025-05-03,Assis Rio,Direta,35.0,6,
2025-05-03,FE,LML,7.0,3,
2025-05-04,Assis Rio,Direta,0.0,0,
2025-05-04,DMD,LML,0.0,0,
2025-05-04,FE,LML,2.0,0,
2025-05-04,JCM,Direta,0.0,0,
2025-05-04,PJ,Direta,0.0,0,
2025-05-04,REU,Direta,0.0,0,
2025-05-04,Riviera,Direta,0.0,0,
2025-05-04,Zumpy,LML,0.0,0,
2025-05-05,Riviera,Direta,7.0,1,
2025-05-05,Zumpy,LML,36.0,2,
2025-05-05,REU,Direta,32.0,2,
2025-05-05,PJ,Direta,16.0,1,
2025-05-05,JCM,Direta,6.0,1,
2025-05-05,FE,LML,30.0,4,
2025-05-05,DMD,LML,25.0,3,
2025-05-05,Assis Rio,Direta,45.0,6,
2025-05-06,Riviera,Direta,7.0,0,
2025-05-06,REU,Direta,30.0,4,
2025-05-06,PJ,Direta,16.0,3,
2025-05-06,Zumpy,LML,42.0,5,
2025-05-06,FE,LML,27.0,0,
2025-05-06,DMD,LML,25.0,4,
2025-05-06,Assis Rio,Direta,46.0,3,
2025-05-06,JCM,Direta,6.0,1,
2025-05-07,Assis Rio,Direta,47.0,4,
2025-05-07,DMD,LML,23.0,1,
2025-05-07,FE,LML,30.0,4,
2025-05-07,JCM,Direta,6.0,0,
2025-05-07,PJ,Direta,17.0,2,
2025-05-07,REU,Direta,32.0,4,
2025-05-07,Riviera,Direta,8.0,1,
2025-05-07,Zumpy,LML,43.0,4,
2025-05-08,REU,Direta,33.0,5,
2025-05-08,Zumpy,LML,43.0,4,
2025-05-08,Riviera,Direta,6.0,1,
2025-05-08,PJ,Direta,18.0,3,
2025-05-08,JCM,Direta,7.0,0,
2025-05-08,FE,LML,28.0,3,
2025-05-08,DMD,LML,30.0,2,
2025-05-08,Assis Rio,Direta,45.0,3,
2025-05-09,Assis Rio,Direta,47.0,0,
2025-05-09,DMD,LML,29.0,0,
2025-05-09,FE,LML,31.0,0,
2025-05-09,JCM,Direta,7.0,0,
2025-05-09,PJ,Direta,18.0,0,
2025-05-09,REU,Direta,32.0,0,
2025-05-09,Riviera,Direta,7.0,0,
2025-05-09,Zumpy,LML,42.0,0,
2025-05-10,Zumpy,LML,37.0,2,
2025-05-10,Riviera,Direta,4.0,1,
2025-05-10,REU,Direta,33.0,3,
2025-05-10,PJ,Direta,18.0,3,
2025-05-10,Assis Rio,Direta,45.0,4,
2025-05-10,FE,LML,23.0,4,
2025-05-10,DMD,LML,22.0,2,
2025-05-10,JCM,Direta,7.0,0,
2025-05-11,REU,Direta,0.0,0,
2025-05-11,Zumpy,LML,29.0,4,
2025-05-11,Riviera,Direta,0.0,0,
2025-05-11,JCM,Direta,0.0,0,
2025-05-11,DMD,LML,0.0,0,
2025-05-11,FE,LML,20.0,1,
2025-05-11,Assis Rio,Direta,0.0,0,
2025-05-11,PJ,Direta,0.0,0,
2025-05-12,Assis Rio,Direta,47.0,6,
2025-05-12,DMD,LML,21.0,3,
2025-05-12,FE,LML,26.0,2,
2025-05-12,JCM,Direta,7.0,1,
2025-05-12,PJ,Direta,17.0,2,
2025-05-12,REU,Direta,35.0,3,
2025-05-12,Riviera,Direta,8.0,1,
2025-05-12,Zumpy,LML,39.0,3,
2025-05-13,Zumpy,LML,40.0,3,
2025-05-13,Riviera,Direta,8.0,1,
2025-05-13,REU,Direta,32.0,4,
2025-05-13,PJ,Direta,18.0,2,
2025-05-13,Assis Rio,Direta,45.0,4,
2025-05-13,FE,LML,32.0,4,
2025-05-13,DMD,LML,26.0,3,
2025-05-13,JCM,Direta,3.0,0,
2025-05-14,Zumpy,LML,45.0,3,
2025-05-14,Riviera,Direta,8.0,0,
2025-05-14,REU,Direta,30.0,4,
2025-05-14,PJ,Direta,17.0,2,
2025-05-14,FE,LML,32.0,3,
2025-05-14,DMD,LML,28.0,2,
2025-05-14,Assis Rio,Direta,48.0,3,
2025-05-14,JCM,Direta,4.0,2,
2025-05-15,Zumpy,LML,47.0,3,
2025-05-15,REU,Direta,27.0,4,
2025-05-15,PJ,Direta,18.0,2,
2025-05-15,Riviera,Direta,5.0,0,
2025-05-15,FE,LML,31.0,4,
2025-05-15,DMD,LML,26.0,3,
2025-05-15,Assis Rio,Direta,46.0,4,
2025-05-15,JCM,Direta,5.0,0,
2025-05-16,Riviera,Direta,6.0,0,
2025-05-16,Assis Rio,Direta,47.0,6,
2025-05-16,DMD,LML,27.0,3,
2025-05-16,FE,LML,24.0,1,
2025-05-16,JCM,Direta,5.0,1,
2025-05-16,PJ,Direta,14.0,1,
2025-05-16,REU,Direta,31.0,2,
2025-05-16,Zumpy,LML,47.0,4,
2025-05-17,Zumpy,LML,38.0,6,
2025-05-17,REU,Direta,30.0,1,
2025-05-17,PJ,Direta,17.0,1,
2025-05-17,Riviera,Direta,2.0,0,
2025-05-17,FE,LML,26.0,3,
2025-05-17,DMD,LML,18.0,1,
2025-05-17,JCM,Direta,5.0,2,
2025-05-17,Assis Rio,Direta,46.0,6,
2025-05-18,Riviera,Direta,0.0,0,
2025-05-18,REU,Direta,0.0,0,
2025-05-18,PJ,Direta,0.0,0,
2025-05-18,Zumpy,LML,38.0,3,
2025-05-18,FE,LML,21.0,2,
2025-05-18,DMD,LML,2.0,0,
2025-05-18,Assis Rio,Direta,0.0,0,
2025-05-18,JCM,Direta,0.0,0,
2025-05-19,Assis Rio,Direta,45.0,7,
2025-05-19,DMD,LML,18.0,3,
2025-05-19,FE,LML,28.0,4,
2025-05-19,JCM,Direta,5.0,0,
2025-05-19,PJ,Direta,16.0,1,
2025-05-19,REU,Direta,29.0,1,
2025-05-19,Riviera,Direta,7.0,1,
2025-05-19,Zumpy,LML,40.0,3,
2025-05-20,REU,Direta,27.0,3,
2025-05-20,Zumpy,LML,40.0,2,
2025-05-20,Riviera,Direta,6.0,1,
2025-05-20,PJ,Direta,17.0,0,
2025-05-20,JCM,Direta,5.0,1,
2025-05-20,FE,LML,31.0,2,
2025-05-20,DMD,LML,22.0,3,
2025-05-20,Assis Rio,Direta,43.0,6,
2025-05-21,Riviera,Direta,6.0,0,
2025-05-21,REU,Direta,25.0,1,
2025-05-21,PJ,Direta,15.0,1,
2025-05-21,Zumpy,LML,40.0,4,
2025-05-21,FE,LML,30.0,4,
2025-05-21,DMD,LML,19.0,2,
2025-05-21,Assis Rio,Direta,46.0,7,
2025-05-21,JCM,Direta,4.0,1,
2025-05-22,Assis Rio,Direta,45.0,3,
2025-05-22,DMD,LML,19.0,1,
2025-05-22,FE,LML,26.0,5,
2025-05-22,JCM,Direta,5.0,2,
2025-05-22,PJ,Direta,15.0,2,
2025-05-22,REU,Direta,26.0,4,
2025-05-22,Riviera,Direta,6.0,0,
2025-05-22,Zumpy,LML,42.0,2,
2025-05-23,REU,Direta,28.0,2,
2025-05-23,Zumpy,LML,43.0,5,
2025-05-23,PJ,Direta,43.0,2,
2025-05-23,Riviera,Direta,4.0,1,
2025-05-23,FE,LML,24.0,2,
2025-05-23,DMD,LML,18.0,3,
2025-05-23,Assis Rio,Direta,45.0,5,
2025-05-23,JCM,Direta,6.0,0,
2025-05-24,Riviera,Direta,3.0,0,
2025-05-24,REU,Direta,25.0,3,
2025-05-24,PJ,Direta,14.0,2,
2025-05-24,Zumpy,LML,0.0,0,
2025-05-24,FE,LML,0.0,0,
2025-05-24,DMD,LML,0.0,0,
2025-05-24,Assis Rio,Direta,39.0,4,
2025-05-24,JCM,Direta,5.0,0,
2025-05-25,Assis Rio,Direta,0.0,0,
2025-05-25,DMD,LML,0.0,0,
2025-05-25,FE,LML,0.0,0,
2025-05-25,JCM,Direta,0.0,0,
2025-05-25,PJ,Direta,0.0,0,
2025-05-25,REU,Direta,0.0,0,
2025-05-25,Riviera,Direta,0.0,0,
2025-05-25,Zumpy,LML,0.0,0,
2025-05-26,REU,Direta,31.0,6,
2025-05-26,Zumpy,LML,46.0,3,
2025-05-26,PJ,Direta,16.0,2,
2025-05-26,Riviera,Direta,7.0,1,
2025-05-26,FE,LML,31.0,3,
2025-05-26,DMD,LML,23.0,2,
2025-05-26,Assis Rio,Direta,44.0,1,
2025-05-26,JCM,Direta,5.0,0,
2025-05-27,Assis Rio,Direta,43.0,3,
2025-05-27,DMD,LML,24.0,3,
2025-05-27,FE,LML,32.0,4,
2025-05-27,JCM,Direta,4.0,1,
2025-05-27,PJ,Direta,15.0,3,
2025-05-27,REU,Direta,24.0,2,
2025-05-27,Riviera,Direta,5.0,1,
2025-05-27,Zumpy,LML,45.0,3,
2025-05-28,Zumpy,LML,48.0,2,
2025-05-28,Riviera,Direta,5.0,0,
2025-05-28,REU,Direta,26.0,5,
2025-05-28,PJ,Direta,14.0,2,
2025-05-28,FE,LML,31.0,6,
2025-05-28,DMD,LML,22.0,2,
2025-05-28,Assis Rio,Direta,40.0,3,
2025-05-28,JCM,Direta,5.0,0,
2025-05-29,Zumpy,LML,46.0,4,
2025-05-29,Assis Rio,Direta,42.0,3,
2025-05-29,DMD,LML,21.0,1,
2025-05-29,FE,LML,31.0,4,
2025-05-29,JCM,Direta,5.0,1,
2025-05-29,PJ,Direta,15.0,2,
2025-05-29,REU,Direta,21.0,3,
2025-05-29,Riviera,Direta,5.0,1,
2025-05-30,Riviera,Direta,4.0,1,
2025-05-30,REU,Direta,24.0,3,
2025-05-30,Zumpy,LML,45.0,3,
2025-05-30,PJ,Direta,13.0,0,
2025-05-30,FE,LML,27.0,2,
2025-05-30,JCM,Direta,5.0,1,
2025-05-30,DMD,LML,20.0,3,
2025-05-30,Assis Rio,Direta,42.0,5,
2025-05-31,Riviera,Direta,2.0,1,
2025-05-31,REU,Direta,23.0,3,
2025-05-31,PJ,Direta,16.0,1,
2025-05-31,Zumpy,LML,0.0,0,
2025-05-31,FE,LML,0.0,0,
2025-05-31,DMD,LML,0.0,0,
2025-05-31,Assis Rio,Direta,8.0,5,
2025-05-31,JCM,Direta,5.0,0,
2025-06-01,Assis Rio,Direta,0.0,0,
2025-06-01,DMD,LML,0.0,0,
2025-06-01,FE,LML,0.0,0,
2025-06-01,JCM,Direta,0.0,0,
2025-06-01,PJ,Direta,0.0,0,
2025-06-01,REU,Direta,0.0,0,
2025-06-01,Riviera,Direta,0.0,0,
2025-06-01,Zumpy,LML,0.0,0,
2025-06-02,Riviera,Direta,7.0,1,
2025-06-02,Zumpy,LML,50.0,4,
2025-06-02,REU,Direta,28.0,2,
2025-06-02,PJ,Direta,15.0,2,
2025-06-02,FE,LML,29.0,3,
2025-06-02,DMD,LML,18.0,2,
2025-06-02,Assis Rio,Direta,43.0,4,
2025-06-02,JCM,Direta,5.0,1,
2025-06-03,Zumpy,LML,50.0,4,
2025-06-03,REU,Direta,26.0,4,
2025-06-03,PJ,Direta,14.0,1,
2025-06-03,Riviera,Direta,6.0,0,
2025-06-03,FE,LML,32.0,3,
2025-06-03,DMD,LML,23.0,2,
2025-06-03,Assis Rio,Direta,40.0,4,
2025-06-03,JCM,Direta,5.0,1,
2025-06-04,Zumpy,LML,50.0,5,
2025-06-04,Assis Rio,Direta,44.0,5,
2025-06-04,DMD,LML,23.0,2,
2025-06-04,FE,LML,31.0,2,
2025-06-04,JCM,Direta,6.0,0,
2025-06-04,PJ,Direta,16.0,2,
2025-06-04,REU,Direta,28.0,3,
2025-06-04,Riviera,Direta,5.0,0,
2025-06-05,Riviera,Direta,6.0,1,
2025-06-05,REU,Direta,25.0,1,
2025-06-05,Zumpy,LML,49.0,6,
2025-06-05,PJ,Direta,16.0,1,
2025-06-05,JCM,Direta,4.0,0,
2025-06-05,FE,LML,32.0,4,
2025-06-05,DMD,LML,22.0,0,
2025-06-05,Assis Rio,Direta,41.0,5,
2025-06-06,Assis Rio,Direta,43.0,2,
2025-06-06,DMD,LML,25.0,2,
2025-06-06,FE,LML,33.0,1,
2025-06-06,JCM,Direta,6.0,1,
2025-06-06,PJ,Direta,16.0,2,
2025-06-06,REU,Direta,27.0,5,
2025-06-06,Riviera,Direta,6.0,0,
2025-06-06,Zumpy,LML,44.0,5,
2025-06-07,Zumpy,LML,0.0,0,
2025-06-07,Riviera,Direta,2.0,1,
2025-06-07,REU,Direta,32.0,2,
2025-06-07,PJ,Direta,15.0,2,
2025-06-07,Assis Rio,Direta,37.0,3,
2025-06-07,FE,LML,15.0,0,
2025-06-07,DMD,LML,13.0,4,
2025-06-07,JCM,Direta,5.0,2,
2025-06-08,REU,Direta,0.0,0,
2025-06-08,Zumpy,LML,0.0,0,
2025-06-08,Riviera,Direta,0.0,0,
2025-06-08,PJ,Direta,0.0,0,
2025-06-08,JCM,Direta,0.0,0,
2025-06-08,FE,LML,0.0,0,
2025-06-08,DMD,LML,0.0,0,
2025-06-08,Assis Rio,Direta,0.0,0,
2025-06-09,Riviera,Direta,7.0,1,
2025-06-09,REU,Direta,31.0,3,
2025-06-09,PJ,Direta,15.0,2,
2025-06-09,Zumpy,LML,44.0,4,
2025-06-09,FE,LML,33.0,3,
2025-06-09,DMD,LML,17.0,2,
2025-06-09,Assis Rio,Direta,40.0,4,
2025-06-09,JCM,Direta,5.0,0,
2025-06-10,Assis Rio,Direta,44.0,3,
2025-06-10,DMD,LML,22.0,3,
2025-06-10,FE,LML,34.0,2,
2025-06-10,JCM,Direta,5.0,1,
2025-06-10,PJ,Direta,16.0,3,
2025-06-10,REU,Direta,33.0,2,
2025-06-10,Riviera,Direta,6.0,1,
2025-06-10,Zumpy,LML,49.0,3,
2025-06-11,REU,Direta,32.0,2,
2025-06-11,Riviera,Direta,6.0,1,
2025-06-11,PJ,Direta,14.0,1,
2025-06-11,Zumpy,LML,48.0,5,
2025-06-11,FE,LML,36.0,4,
2025-06-11,DMD,LML,23.0,1,
2025-06-11,Assis Rio,Direta,40.0,5,
2025-06-11,JCM,Direta,5.0,1,
2025-06-12,Riviera,Direta,5.0,1,
2025-06-12,REU,Direta,29.0,1,
2025-06-12,PJ,Direta,18.0,2,
2025-06-12,Zumpy,LML,47.0,4,
2025-06-12,FE,LML,35.0,3,
2025-06-12,DMD,LML,22.0,3,
2025-06-12,Assis Rio,Direta,42.0,6,
2025-06-12,JCM,Direta,3.0,0,
2025-06-13,Assis Rio,Direta,0.0,0,
2025-06-13,DMD,LML,22.0,2,
2025-06-13,FE,LML,35.0,3,
2025-06-13,JCM,Direta,0.0,0,
2025-06-13,PJ,Direta,0.0,0,
2025-06-13,REU,Direta,0.0,0,
2025-06-13,Riviera,Direta,0.0,0,
2025-06-13,Zumpy,LML,47.0,5,
2025-06-14,REU,Direta,33.0,3,
2025-06-14,Zumpy,LML,21.0,4,
2025-06-14,Riviera,Direta,4.0,0,
2025-06-14,PJ,Direta,17.0,2,
2025-06-14,JCM,Direta,0.0,0,
2025-06-14,FE,LML,17.0,3,
2025-06-14,DMD,LML,9.0,1,
2025-06-14,Assis Rio,Direta,37.0,5,
2025-06-15,Assis Rio,Direta,0.0,0,
2025-06-15,DMD,LML,0.0,0,
2025-06-15,FE,LML,0.0,0,
2025-06-15,JCM,Direta,0.0,0,
2025-06-15,PJ,Direta,0.0,0,
2025-06-15,REU,Direta,0.0,0,
2025-06-15,Riviera,Direta,0.0,0,
2025-06-15,Zumpy,LML,0.0,0,
2025-06-16,Zumpy,LML,48.0,6,
2025-06-16,TRILOG,Direta,7.0,1,
2025-06-16,Riviera,Direta,7.0,1,
2025-06-16,REU,Direta,33.0,4,
2025-06-16,Assis Rio,Direta,46.0,3,
2025-06-16,FE,LML,30.0,1,
2025-06-16,DMD,LML,20.0,1,
2025-06-16,PJ,Direta,17.0,3,
2025-06-17,Riviera,Direta,8.0,1,
2025-06-17,Zumpy,LML,46.0,6,
2025-06-17,TRILOG,Direta,8.0,1,
2025-06-17,REU,Direta,33.0,3,
2025-06-17,Zoom,LML,6.0,1,
2025-06-17,FE,LML,36.0,3,
2025-06-17,Assis Rio,Direta,56.0,5,
2025-06-17,PJ,Direta,18.0,1,
2025-06-17,DMD,LML,22.0,0,
2025-06-18,Zumpy,LML,49.0,3,
2025-06-18,Assis Rio,Direta,46.0,3,
2025-06-18,DMD,LML,21.0,4,
2025-06-18,FE,LML,35.0,2,
2025-06-18,PJ,Direta,17.0,3,
2025-06-18,REU,Direta,36.0,3,
2025-06-18,Riviera,Direta,6.0,1,
2025-06-18,TRILOG,Direta,9.0,1,
2025-06-18,Zoom,LML,3.0,1,
2025-06-19,Zumpy,LML,0.0,0,
2025-06-19,Zoom,LML,0.0,0,
2025-06-19,TRILOG,Direta,0.0,0,
2025-06-19,Riviera,Direta,0.0,0,
2025-06-19,DMD,LML,0.0,0,
2025-06-19,PJ,Direta,0.0,0,
2025-06-19,FE,LML,0.0,0,
2025-06-19,Assis Rio,Direta,0.0,0,
2025-06-19,REU,Direta,0.0,0,
2025-06-20,Riviera,Direta,7.0,1,
2025-06-20,Zoom,LML,5.0,2,
2025-06-20,TRILOG,Direta,8.0,2,
2025-06-20,Zumpy,LML,47.0,4,
2025-06-20,REU,Direta,29.0,2,
2025-06-20,FE,LML,37.0,2,
2025-06-20,DMD,LML,20.0,2,
2025-06-20,Assis Rio,Direta,45.0,4,
2025-06-20,PJ,Direta,15.0,2,
2025-06-21,Zumpy,LML,30.0,3,
2025-06-21,Zoom,LML,6.0,0,
2025-06-21,TRILOG,Direta,8.0,0,
2025-06-21,Riviera,Direta,3.0,0,
2025-06-21,REU,Direta,34.0,2,
2025-06-21,PJ,Direta,19.0,3,
2025-06-21,FE,LML,23.0,4,
2025-06-21,DMD,LML,17.0,2,
2025-06-21,Assis Rio,Direta,39.0,5,
2025-06-22,Zumpy,LML,0.0,0,
2025-06-22,Zoom,LML,0.0,0,
2025-06-22,TRILOG,Direta,0.0,0,
2025-06-22,Riviera,Direta,0.0,0,
2025-06-22,Assis Rio,Direta,0.0,0,
2025-06-22,PJ,Direta,0.0,0,
2025-06-22,FE,LML,0.0,0,
2025-06-22,DMD,LML,0.0,0,
2025-06-22,REU,Direta,0.0,0,
2025-06-23,Riviera,Direta,7.0,0,
2025-06-23,Zumpy,LML,49.0,5,
2025-06-23,Zoom,LML,6.0,1,
2025-06-23,TRILOG,Direta,7.0,1,
2025-06-23,REU,Direta,36.0,6,
2025-06-23,FE,LML,35.0,2,
2025-06-23,PJ,Direta,18.0,2,
2025-06-23,DMD,LML,14.0,1,
2025-06-23,Assis Rio,Direta,44.0,2,
2025-06-24,Assis Rio,Direta,41.0,4,
2025-06-24,DMD,LML,14.0,3,
2025-06-24,FE,LML,36.0,3,
2025-06-24,PJ,Direta,17.0,0,
2025-06-24,REU,Direta,26.0,2,
2025-06-24,Riviera,Direta,8.0,1,
2025-06-24,TRILOG,Direta,7.0,3,
2025-06-24,Zoom,LML,6.0,1,
2025-06-24,Zumpy,LML,47.0,1,
2025-06-25,Zumpy,LML,49.0,3,
2025-06-25,Zoom,LML,6.0,0,
2025-06-25,TRILOG,Direta,7.0,0,
2025-06-25,Riviera,Direta,6.0,0,
2025-06-25,Assis Rio,Direta,45.0,3,
2025-06-25,PJ,Direta,18.0,4,
2025-06-25,FE,LML,33.0,4,
2025-06-25,DMD,LML,23.0,2,
2025-06-25,REU,Direta,26.0,4,
2025-06-26,Riviera,Direta,6.0,0,
2025-06-26,Zumpy,LML,48.0,1,
2025-06-26,Zoom,LML,9.0,1,
2025-06-26,TRILOG,Direta,7.0,3,
2025-06-26,REU,Direta,21.0,2,
2025-06-26,Assis Rio,Direta,41.0,3,
2025-06-26,FE,LML,34.0,6,
2025-06-26,DMD,LML,22.0,1,
2025-06-26,PJ,Direta,16.0,2,
2025-06-27,Assis Rio,Direta,42.0,4,
2025-06-27,DMD,LML,22.0,2,
2025-06-27,FE,LML,35.0,4,
2025-06-27,PJ,Direta,8.0,2,
2025-06-27,REU,Direta,26.0,2,
2025-06-27,Riviera,Direta,4.0,0,
2025-06-27,TRILOG,Direta,7.0,2,
2025-06-27,Zoom,LML,8.0,0,
2025-06-27,Zumpy,LML,47.0,3,
2025-06-28,Riviera,Direta,2.0,0,
2025-06-28,Zumpy,LML,17.0,1,
2025-06-28,TRILOG,Direta,7.0,1,
2025-06-28,REU,Direta,26.0,2,
2025-06-28,Zoom,LML,5.0,1,
2025-06-28,FE,LML,14.0,1,
2025-06-28,DMD,LML,9.0,0,
2025-06-28,Assis Rio,Direta,32.0,3,
2025-06-28,PJ,Direta,16.0,2,
2025-06-29,Zumpy,LML,0.0,0,
2025-06-29,TRILOG,Direta,0.0,0,
2025-06-29,Zoom,LML,0.0,0,
2025-06-29,Riviera,Direta,0.0,0,
2025-06-29,Assis Rio,Direta,0.0,0,
2025-06-29,PJ,Direta,0.0,0,
2025-06-29,FE,LML,0.0,0,
2025-06-29,DMD,LML,0.0,0,
2025-06-29,REU,Direta,0.0,0,
2025-06-30,Zumpy,LML,45.0,3,
2025-06-30,Zoom,LML,5.0,2,
2025-06-30,TRILOG,Direta,6.0,1,
2025-06-30,Riviera,Direta,7.0,1,
2025-06-30,REU,Direta,31.0,3,
2025-06-30,PJ,Direta,11.0,1,
2025-06-30,FE,LML,32.0,2,
2025-06-30,DMD,LML,22.0,2,
2025-06-30,Assis Rio,Direta,46.0,4,
2025-07-01,Zumpy,LML,53.0,4,
2025-07-01,TRILOG,Direta,7.0,0,
2025-07-01,Riviera,Direta,6.0,0,
2025-07-01,REU,Direta,25.0,4,
2025-07-01,Zoom,LML,6.0,2,
2025-07-01,FE,LML,35.0,1,
2025-07-01,DMD,LML,18.0,2,
2025-07-01,Assis Rio,Direta,42.0,5,
2025-07-01,PJ,Direta,14.0,1,
2025-07-02,Zumpy,LML,51.0,4,
2025-07-02,TRILOG,Direta,7.0,1,
2025-07-02,Riviera,Direta,4.0,0,
2025-07-02,REU,Direta,24.0,1,
2025-07-02,Zoom,LML,6.0,1,
2025-07-02,FE,LML,37.0,3,
2025-07-02,DMD,LML,24.0,2,
2025-07-02,Assis Rio,Direta,41.0,3,
2025-07-02,PJ,Direta,14.0,3,
2025-07-03,Zumpy,LML,49.0,2,
2025-07-03,Assis Rio,Direta,44.0,3,
2025-07-03,DMD,LML,23.0,4,
2025-07-03,FE,LML,31.0,2,
2025-07-03,PJ,Direta,15.0,3,
2025-07-03,REU,Direta,24.0,2,
2025-07-03,Riviera,Direta,5.0,0,
2025-07-03,TRILOG,Direta,7.0,1,
2025-07-03,Zoom,LML,9.0,1,
2025-07-04,TRILOG,Direta,6.0,1,
2025-07-04,PJ,Direta,13.0,1,
2025-07-04,Zumpy,LML,50.0,5,
2025-07-04,Zoom,LML,8.0,1,
2025-07-04,Riviera,Direta,6.0,1,
2025-07-04,Assis Rio,Direta,46.0,4,
2025-07-04,FE,LML,32.0,1,
2025-07-04,REU,Direta,30.0,3,
2025-07-04,DMD,LML,22.0,2,
2025-07-05,Zoom,LML,4.0,1,
2025-07-05,TRILOG,Direta,5.0,1,
2025-07-05,Riviera,Direta,2.0,0,
2025-07-05,REU,Direta,29.0,4,
2025-07-05,Zumpy,LML,16.0,1,
2025-07-05,FE,LML,17.0,3,
2025-07-05,DMD,LML,7.0,4,
2025-07-05,Assis Rio,Direta,30.0,4,
2025-07-05,PJ,Direta,15.0,1,
2025-07-06,Zumpy,LML,0.0,0,
2025-07-06,Assis Rio,Direta,0.0,0,
2025-07-06,FE,LML,0.0,0,
2025-07-06,PJ,Direta,0.0,0,
2025-07-06,REU,Direta,0.0,0,
2025-07-06,Riviera,Direta,0.0,0,
2025-07-06,TRILOG,Direta,0.0,0,
2025-07-06,Zoom,LML,0.0,0,
2025-07-06,DMD,LML,0.0,0,
2025-07-07,Zoom,LML,6.0,1,
2025-07-07,DMD,LML,22.0,2,
2025-07-07,TRILOG,Direta,6.0,1,
2025-07-07,Zumpy,LML,47.0,4,
2025-07-07,Riviera,Direta,7.0,1,
2025-07-07,Assis Rio,Direta,39.0,2,
2025-07-07,PJ,Direta,14.0,3,
2025-07-07,FE,LML,34.0,3,
2025-07-07,REU,Direta,31.0,1,
2025-07-08,Assis Rio,Direta,43.0,4,
2025-07-08,DMD,LML,22.0,3,
2025-07-08,FE,LML,34.0,3,
2025-07-08,PJ,Direta,16.0,1,
2025-07-08,REU,Direta,27.0,3,
2025-07-08,Riviera,Direta,5.0,1,
2025-07-08,TRILOG,Direta,7.0,1,
2025-07-08,Zoom,LML,7.0,1,
2025-07-08,Zumpy,LML,46.0,2,
2025-07-09,Riviera,Direta,5.0,2,
2025-07-09,Zoom,LML,8.0,1,
2025-07-09,TRILOG,Direta,5.0,0,
2025-07-09,Zumpy,LML,49.0,5,
2025-07-09,REU,Direta,27.0,1,
2025-07-09,FE,LML,34.0,2,
2025-07-09,DMD,LML,23.0,2,
2025-07-09,Assis Rio,Direta,46.0,4,
2025-07-09,PJ,Direta,15.0,3,
2025-07-10,Zumpy,LML,47.0,4,
2025-07-10,Zoom,LML,5.0,0,
2025-07-10,TRILOG,Direta,7.0,1,
2025-07-10,Riviera,Direta,5.0,1,
2025-07-10,REU,Direta,28.0,3,
2025-07-10,PJ,Direta,17.0,3,
2025-07-10,FE,LML,29.0,3,
2025-07-10,DMD,LML,9.0,2,
2025-07-10,Assis Rio,Direta,46.0,2,
2025-07-11,Zoom,LML,8.0,2,
2025-07-11,TRILOG,Direta,7.0,2,
2025-07-11,Riviera,Direta,7.0,0,
2025-07-11,REU,Direta,30.0,3,
2025-07-11,Zumpy,LML,47.0,5,
2025-07-11,FE,LML,32.0,1,
2025-07-11,DMD,LML,23.0,1,
2025-07-11,Assis Rio,Direta,47.0,4,
2025-07-11,PJ,Direta,14.0,2,
2025-07-12,Zoom,LML,5.0,1,
2025-07-12,TRILOG,Direta,6.0,1,
2025-07-12,Riviera,Direta,2.0,1,
2025-07-12,REU,Direta,29.0,3,
2025-07-12,Zumpy,LML,20.0,2,
2025-07-12,FE,LML,15.0,1,
2025-07-12,DMD,LML,11.0,1,
2025-07-12,Assis Rio,Direta,43.0,3,
2025-07-12,PJ,Direta,20.0,2,
2025-07-13,Zumpy,LML,0.0,0,
2025-07-13,Zoom,LML,0.0,0,
2025-07-13,TRILOG,Direta,0.0,0,
2025-07-13,Riviera,Direta,0.0,0,
2025-07-13,REU,Direta,0.0,0,
2025-07-13,FE,LML,0.0,0,
2025-07-13,DMD,LML,0.0,0,
2025-07-13,Assis Rio,Direta,0.0,0,
2025-07-13,PJ,Direta,0.0,0,
2025-07-14,Riviera,Direta,8.0,0,
2025-07-14,Zoom,LML,7.0,2,
2025-07-14,TRILOG,Direta,6.0,2,
2025-07-14,REU,Direta,33.0,3,
2025-07-14,Zumpy,LML,46.0,3,
2025-07-14,FE,LML,32.0,4,
2025-07-14,DMD,LML,20.0,1,
2025-07-14,Assis Rio,Direta,47.0,3,
2025-07-14,PJ,Direta,16.0,2,
2025-07-15,TRILOG,Direta,7.0,2,
2025-07-15,Riviera,Direta,7.0,2,
2025-07-15,Zumpy,LML,48.0,2,
2025-07-15,REU,Direta,29.0,1,
2025-07-15,Zoom,LML,7.0,0,
2025-07-15,FE,LML,38.0,7,
2025-07-15,DMD,LML,22.0,0,
2025-07-15,PJ,Direta,18.0,1,
2025-07-15,Assis Rio,Direta,42.0,4,
2025-07-16,Zumpy,LML,49.0,3,
2025-07-16,Zoom,LML,8.0,2,
2025-07-16,TRILOG,Direta,5.0,1,
2025-07-16,Riviera,Direta,4.0,0,
2025-07-16,REU,Direta,27.0,0,
2025-07-16,PJ,Direta,15.0,4,
2025-07-16,FE,LML,36.0,3,
2025-07-16,DMD,LML,26.0,1,
2025-07-16,Assis Rio,Direta,45.0,4,
2025-07-17,Zoom,LML,7.0,1,
2025-07-17,TRILOG,Direta,7.0,0,
2025-07-17,Riviera,Direta,8.0,2,
2025-07-17,REU,Direta,26.0,1,
2025-07-17,Zumpy,LML,49.0,1,
2025-07-17,FE,LML,36.0,4,
2025-07-17,DMD,LML,27.0,3,
2025-07-17,Assis Rio,Direta,47.0,2,
2025-07-17,PJ,Direta,16.0,2,
2025-07-18,Zoom,LML,9.0,0,
2025-07-18,TRILOG,Direta,5.0,1,
2025-07-18,Riviera,Direta,3.0,1,
2025-07-18,REU,Direta,31.0,3,
2025-07-18,Zumpy,LML,47.0,4,
2025-07-18,FE,LML,37.0,4,
2025-07-18,DMD,LML,27.0,1,
2025-07-18,Assis Rio,Direta,44.0,3,
2025-07-18,PJ,Direta,13.0,1,
2025-07-19,Zumpy,LML,30.0,2,
2025-07-19,Zoom,LML,7.0,0,
2025-07-19,TRILOG,Direta,5.0,0,
2025-07-19,Riviera,Direta,3.0,0,
2025-07-19,REU,Direta,28.0,2,
2025-07-19,FE,LML,23.0,4,
2025-07-19,DMD,LML,16.0,3,
2025-07-19,Assis Rio,Direta,43.0,5,
2025-07-19,PJ,Direta,17.0,1,
2025-07-20,Riviera,Direta,0.0,0,
2025-07-20,Zoom,LML,0.0,0,
2025-07-20,TRILOG,Direta,0.0,0,
2025-07-20,REU,Direta,0.0,0,
2025-07-20,Zumpy,LML,0.0,0,
2025-07-20,FE,LML,0.0,0,
2025-07-20,Assis Rio,Direta,0.0,0,
2025-07-20,PJ,Direta,0.0,0,
2025-07-20,DMD,LML,0.0,0,
2025-07-21,Zumpy,LML,47.0,4,
2025-07-21,Assis Rio,Direta,45.0,1,
2025-07-21,DMD,LML,28.0,4,
2025-07-21,FE,LML,33.0,2,
2025-07-21,PJ,Direta,15.0,3,
2025-07-21,REU,Direta,28.0,2,
2025-07-21,Riviera,Direta,7.0,1,
2025-07-21,TRILOG,Direta,6.0,2,
2025-07-21,Zoom,LML,11.0,0,
2025-07-22,Zumpy,LML,48.0,4,
2025-07-22,Zoom,LML,8.0,1,
2025-07-22,TRILOG,Direta,7.0,2,
2025-07-22,Riviera,Direta,6.0,1,
2025-07-22,DMD,LML,20.0,0,
2025-07-22,PJ,Direta,14.0,1,
2025-07-22,FE,LML,35.0,4,
2025-07-22,Assis Rio,Direta,42.0,4,
2025-07-22,REU,Direta,27.0,2,
2025-07-23,Riviera,Direta,4.0,1,
2025-07-23,Zoom,LML,9.0,0,
2025-07-23,TRILOG,Direta,5.0,0,
2025-07-23,Zumpy,LML,47.0,4,
2025-07-23,REU,Direta,28.0,2,
2025-07-23,FE,LML,37.0,5,
2025-07-23,DMD,LML,25.0,0,
2025-07-23,Assis Rio,Direta,45.0,3,
2025-07-23,PJ,Direta,14.0,2,
2025-07-24,Zoom,LML,10.0,1,
2025-07-24,TRILOG,Direta,7.0,2,
2025-07-24,Riviera,Direta,5.0,1,
2025-07-24,REU,Direta,25.0,3,
2025-07-24,Zumpy,LML,47.0,3,
2025-07-24,FE,LML,37.0,3,
2025-07-24,DMD,LML,29.0,3,
2025-07-24,Assis Rio,Direta,42.0,2,
2025-07-24,PJ,Direta,13.0,2,
2025-07-25,Zumpy,LML,46.0,5,
2025-07-25,Zoom,LML,10.0,1,
2025-07-25,TRILOG,Direta,5.0,0,
2025-07-25,Riviera,Direta,6.0,1,
2025-07-25,REU,Direta,29.0,2,
2025-07-25,FE,LML,38.0,2,
2025-07-25,DMD,LML,24.0,1,
2025-07-25,Assis Rio,Direta,42.0,4,
2025-07-25,PJ,Direta,13.0,1,
2025-07-26,TRILOG,Direta,4.0,0,
2025-07-26,Zumpy,LML,19.0,2,
2025-07-26,Zoom,LML,6.0,2,
2025-07-26,Riviera,Direta,2.0,2,
2025-07-26,REU,Direta,25.0,1,
2025-07-26,PJ,Direta,16.0,2,
2025-07-26,FE,LML,23.0,4,
2025-07-26,DMD,LML,16.0,0,
2025-07-26,Assis Rio,Direta,34.0,3,
2025-07-27,Zumpy,LML,0.0,0,
2025-07-27,Zoom,LML,0.0,0,
2025-07-27,TRILOG,Direta,0.0,0,
2025-07-27,Riviera,Direta,0.0,0,
2025-07-27,REU,Direta,0.0,0,
2025-07-27,PJ,Direta,0.0,0,
2025-07-27,FE,LML,0.0,0,
2025-07-27,DMD,LML,0.0,0,
2025-07-27,Assis Rio,Direta,0.0,0,
2025-07-28,Zoom,LML,9.0,1,
2025-07-28,TRILOG,Direta,7.0,1,
2025-07-28,Riviera,Direta,7.0,1,
2025-07-28,REU,Direta,31.0,2,
2025-07-28,Zumpy,LML,43.0,2,
2025-07-28,FE,LML,38.0,5,
2025-07-28,DMD,LML,23.0,2,
2025-07-28,Assis Rio,Direta,45.0,4,
2025-07-28,PJ,Direta,15.0,2,
2025-07-29,Zoom,LML,9.0,1,
2025-07-29,TRILOG,Direta,7.0,3,
2025-07-29,Riviera,Direta,6.0,0,
2025-07-29,REU,Direta,26.0,3,
2025-07-29,Zumpy,LML,46.0,2,
2025-07-29,FE,LML,35.0,2,
2025-07-29,DMD,LML,25.0,4,
2025-07-29,Assis Rio,Direta,42.0,2,
2025-07-29,PJ,Direta,16.0,2,
2025-07-30,Zumpy,LML,50.0,4,
2025-07-30,Zoom,LML,11.0,1,
2025-07-30,TRILOG,Direta,7.0,0,
2025-07-30,Riviera,Direta,5.0,0,
2025-07-30,REU,Direta,22.0,3,
2025-07-30,FE,LML,38.0,2,
2025-07-30,DMD,LML,26.0,2,
2025-07-30,Assis Rio,Direta,46.0,5,
2025-07-30,PJ,Direta,14.0,2,
2025-07-31,Riviera,Direta,6.0,1,
2025-07-31,Zoom,LML,11.0,2,
2025-07-31,TRILOG,Direta,7.0,0,
2025-07-31,REU,Direta,22.0,4,
2025-07-31,Zumpy,LML,50.0,2,
2025-07-31,FE,LML,38.0,2,
2025-07-31,Assis Rio,Direta,42.0,1,
2025-07-31,PJ,Direta,15.0,4,
2025-07-31,DMD,LML,24.0,3,
2025-08-01,Zumpy,LML,54.0,3,
2025-08-01,Assis Rio,Direta,43.0,4,
2025-08-01,DMD,LML,27.0,2,
2025-08-01,FE,LML,37.0,4,
2025-08-01,PJ,Direta,13.0,2,
2025-08-01,REU,Direta,27.0,3,
2025-08-01,Riviera,Direta,0.0,0,
2025-08-01,TRILOG,Direta,6.0,1,
2025-08-01,Zoom,LML,11.0,1,
2025-08-02,Zumpy,LML,24.0,3,
2025-08-02,Zoom,LML,8.0,2,
2025-08-02,TRILOG,Direta,3.0,0,
2025-08-02,Riviera,Direta,6.0,1,
2025-08-02,DMD,LML,15.0,2,
2025-08-02,PJ,Direta,16.0,1,
2025-08-02,FE,LML,21.0,2,
2025-08-02,Assis Rio,Direta,36.0,3,
2025-08-02,REU,Direta,25.0,5,
2025-08-03,Riviera,Direta,0.0,0,
2025-08-03,Zoom,LML,0.0,0,
2025-08-03,TRILOG,Direta,0.0,0,
2025-08-03,Zumpy,LML,0.0,0,
2025-08-03,REU,Direta,0.0,0,
2025-08-03,FE,LML,0.0,0,
2025-08-03,DMD,LML,0.0,0,
2025-08-03,Assis Rio,Direta,0.0,0,
2025-08-03,PJ,Direta,0.0,0,
2025-08-04,Zoom,LML,10.0,2,
2025-08-04,TRILOG,Direta,5.0,1,
2025-08-04,Riviera,Direta,8.0,1,
2025-08-04,REU,Direta,31.0,2,
2025-08-04,Zumpy,LML,52.0,3,
2025-08-04,FE,LML,39.0,3,
2025-08-04,DMD,LML,27.0,0,
2025-08-04,Assis Rio,Direta,44.0,3,
2025-08-04,PJ,Direta,15.0,3,
2025-08-05,Zumpy,LML,51.0,2,
2025-08-05,Zoom,LML,11.0,3,
2025-08-05,TRILOG,Direta,7.0,1,
2025-08-05,Riviera,Direta,6.0,2,
2025-08-05,REU,Direta,27.0,2,
2025-08-05,FE,LML,40.0,3,
2025-08-05,DMD,LML,27.0,2,
2025-08-05,Assis Rio,Direta,41.0,3,
2025-08-05,PJ,Direta,16.0,1,
2025-08-06,TRILOG,Direta,5.0,1,
2025-08-06,Zumpy,LML,51.0,2,
2025-08-06,Zoom,LML,11.0,1,
2025-08-06,Riviera,Direta,5.0,0,
2025-08-06,REU,Direta,26.0,3,
2025-08-06,PJ,Direta,18.0,3,
2025-08-06,FE,LML,38.0,3,
2025-08-06,DMD,LML,28.0,3,
2025-08-06,Assis Rio,Direta,41.0,3,
2025-08-07,Zumpy,LML,53.0,5,
2025-08-07,Zoom,LML,12.0,0,
2025-08-07,TRILOG,Direta,6.0,1,
2025-08-07,Riviera,Direta,7.0,0,
2025-08-07,REU,Direta,23.0,3,
2025-08-07,PJ,Direta,16.0,2,
2025-08-07,FE,LML,41.0,3,
2025-08-07,DMD,LML,29.0,2,
2025-08-07,Assis Rio,Direta,43.0,3,
2025-08-08,Zoom,LML,11.0,1,
2025-08-08,TRILOG,Direta,6.0,0,
2025-08-08,Riviera,Direta,6.0,2,
2025-08-08,REU,Direta,31.0,5,
2025-08-08,Zumpy,LML,52.0,5,
2025-08-08,FE,LML,41.0,1,
2025-08-08,DMD,LML,27.0,2,
2025-08-08,Assis Rio,Direta,42.0,2,
2025-08-08,PJ,Direta,13.0,0,
2025-08-09,Zoom,LML,7.0,2,
2025-08-09,TRILOG,Direta,3.0,1,
2025-08-09,Riviera,Direta,2.0,0,
2025-08-09,REU,Direta,27.0,2,
2025-08-09,Zumpy,LML,41.0,3,
2025-08-09,FE,LML,30.0,2,
2025-08-09,DMD,LML,16.0,3,
2025-08-09,Assis Rio,Direta,36.0,4,
2025-08-09,PJ,Direta,16.0,3,
2025-08-10,Zumpy,LML,0.0,0,
2025-08-10,Zoom,LML,0.0,0,
2025-08-10,TRILOG,Direta,0.0,0,
2025-08-10,Riviera,Direta,0.0,0,
2025-08-10,REU,Direta,0.0,0,
2025-08-10,FE,LML,0.0,0,
2025-08-10,DMD,LML,0.0,0,
2025-08-10,Assis Rio,Direta,0.0,0,
2025-08-10,PJ,Direta,0.0,0,
2025-08-11,Riviera,Direta,7.0,1,
2025-08-11,Zoom,LML,10.0,1,
2025-08-11,TRILOG,Direta,6.0,1,
2025-08-11,REU,Direta,33.0,2,
2025-08-11,Zumpy,LML,47.0,3,
2025-08-11,FE,LML,38.0,2,
2025-08-11,Assis Rio,Direta,43.0,3,
2025-08-11,PJ,Direta,14.0,1,
2025-08-11,DMD,LML,22.0,3,
2025-08-12,Zumpy,LML,51.0,3,
2025-08-12,Assis Rio,Direta,39.0,2,
2025-08-12,DMD,LML,19.0,1,
2025-08-12,FE,LML,39.0,4,
2025-08-12,PJ,Direta,15.0,0,
2025-08-12,REU,Direta,28.0,5,
2025-08-12,Riviera,Direta,6.0,1,
2025-08-12,TRILOG,Direta,7.0,1,
2025-08-12,Zoom,LML,9.0,1,
2025-08-13,Zumpy,LML,53.0,4,
2025-08-13,Zoom,LML,11.0,1,
2025-08-13,TRILOG,Direta,5.0,1,
2025-08-13,Riviera,Direta,5.0,1,
2025-08-13,DMD,LML,11.0,0,
2025-08-13,PJ,Direta,14.0,1,
2025-08-13,FE,LML,40.0,4,
2025-08-13,Assis Rio,Direta,42.0,6,
2025-08-13,REU,Direta,29.0,0,
2025-08-14,Riviera,Direta,5.0,0,
2025-08-14,Zoom,LML,12.0,0,
2025-08-14,TRILOG,Direta,6.0,3,
2025-08-14,Zumpy,LML,52.0,4,
2025-08-14,REU,Direta,22.0,1,
2025-08-14,FE,LML,41.0,2,
2025-08-14,DMD,LML,28.0,3,
2025-08-14,Assis Rio,Direta,42.0,3,
2025-08-14,PJ,Direta,17.0,2,
2025-08-15,Zoom,LML,12.0,3,
2025-08-15,TRILOG,Direta,6.0,1,
2025-08-15,Riviera,Direta,6.0,2,
2025-08-15,REU,Direta,30.0,1,
2025-08-15,Zumpy,LML,53.0,2,
2025-08-15,FE,LML,41.0,2,
2025-08-15,DMD,LML,27.0,2,
2025-08-15,Assis Rio,Direta,44.0,2,
2025-08-15,PJ,Direta,14.0,2,
2025-08-16,Zumpy,LML,38.0,2,
2025-08-16,Zoom,LML,9.0,1,
2025-08-16,TRILOG,Direta,4.0,1,
2025-08-16,Riviera,Direta,4.0,1,
2025-08-16,REU,Direta,24.0,2,
2025-08-16,FE,LML,29.0,4,
2025-08-16,DMD,LML,19.0,2,
2025-08-16,Assis Rio,Direta,35.0,2,
2025-08-16,PJ,Direta,16.0,3,
2025-08-17,TRILOG,Direta,0.0,0,
2025-08-17,Zumpy,LML,0.0,0,
2025-08-17,Zoom,LML,0.0,0,
2025-08-17,Riviera,Direta,0.0,0,
2025-08-17,REU,Direta,0.0,0,
2025-08-17,PJ,Direta,0.0,0,
2025-08-17,FE,LML,0.0,0,
2025-08-17,DMD,LML,0.0,0,
2025-08-17,Assis Rio,Direta,0.0,0,
2025-08-18,Zumpy,LML,53.0,4,
2025-08-18,Zoom,LML,10.0,1,
2025-08-18,TRILOG,Direta,6.0,1,
2025-08-18,Riviera,Direta,8.0,3,
2025-08-18,REU,Direta,33.0,5,
2025-08-18,PJ,Direta,15.0,2,
2025-08-18,FE,LML,37.0,2,
2025-08-18,DMD,LML,29.0,2,
2025-08-18,Assis Rio,Direta,44.0,1,
2025-08-19,Zoom,LML,11.0,1,
2025-08-19,TRILOG,Direta,7.0,0,
2025-08-19,Riviera,Direta,5.0,0,
2025-08-19,REU,Direta,23.0,2,
2025-08-19,Zumpy,LML,55.0,4,
2025-08-19,FE,LML,41.0,3,
2025-08-19,DMD,LML,29.0,4,
2025-08-19,Assis Rio,Direta,44.0,4,
2025-08-19,PJ,Direta,16.0,3,
2025-08-20,Zoom,LML,12.0,2,
2025-08-20,TRILOG,Direta,5.0,1,
2025-08-20,Riviera,Direta,6.0,0,
2025-08-20,REU,Direta,26.0,4,
2025-08-20,Zumpy,LML,53.0,2,
2025-08-20,FE,LML,40.0,2,
2025-08-20,DMD,LML,27.0,3,
2025-08-20,Assis Rio,Direta,43.0,2,
2025-08-20,PJ,Direta,14.0,3,
2025-08-21,Zumpy,LML,56.0,4,
2025-08-21,Zoom,LML,12.0,2,
2025-08-21,TRILOG,Direta,7.0,1,
2025-08-21,Riviera,Direta,4.0,0,
2025-08-21,REU,Direta,24.0,3,
2025-08-21,FE,LML,41.0,2,
2025-08-21,DMD,LML,29.0,2,
2025-08-21,Assis Rio,Direta,42.0,4,
2025-08-21,PJ,Direta,15.0,1,
2025-08-22,Riviera,Direta,4.0,0,
2025-08-22,Zoom,LML,11.0,1,
2025-08-22,TRILOG,Direta,5.0,1,
2025-08-22,REU,Direta,27.0,2,
2025-08-22,Zumpy,LML,1.0,0,
2025-08-22,FE,LML,40.0,4,
2025-08-22,Assis Rio,Direta,44.0,2,
2025-08-22,PJ,Direta,10.0,3,
2025-08-22,DMD,LML,25.0,4,
2025-08-23,Zumpy,LML,48.0,5,
2025-08-23,Assis Rio,Direta,35.0,3,
2025-08-23,DMD,LML,21.0,1,
2025-08-23,FE,LML,29.0,2,
2025-08-23,PJ,Direta,18.0,2,
2025-08-23,REU,Direta,23.0,1,
2025-08-23,Riviera,Direta,3.0,1,
2025-08-23,TRILOG,Direta,5.0,1,
2025-08-23,Zoom,LML,8.0,1,
2025-08-24,Zumpy,LML,51.0,6,
2025-08-24,Zoom,LML,11.0,1,
2025-08-24,TRILOG,Direta,6.0,0,
2025-08-24,Riviera,Direta,6.0,3,
2025-08-24,DMD,LML,21.0,0,
2025-08-24,PJ,Direta,14.0,2,
2025-08-24,FE,LML,39.0,3,
2025-08-24,Assis Rio,Direta,44.0,5,
2025-08-24,REU,Direta,29.0,1,
2025-08-25,Riviera,Direta,6.0,2,
2025-08-25,Zoom,LML,11.0,1,
2025-08-25,TRILOG,Direta,6.0,0,
2025-08-25,Zumpy,LML,51.0,6,
2025-08-25,REU,Direta,29.0,1,
2025-08-25,FE,LML,39.0,3,
2025-08-25,DMD,LML,21.0,0,
2025-08-25,Assis Rio,Direta,44.0,5,
2025-08-25,PJ,Direta,14.0,2,
2025-08-26,Zoom,LML,11.0,1,
2025-08-26,TRILOG,Direta,5.0,0,
2025-08-26,Riviera,Direta,6.0,0,
2025-08-26,REU,Direta,26.0,3,
2025-08-26,Zumpy,LML,52.0,3,
2025-08-26,FE,LML,38.0,3,
2025-08-26,DMD,LML,21.0,2,
2025-08-26,Assis Rio,Direta,42.0,4,
2025-08-26,PJ,Direta,15.0,3,
2025-08-27,Zumpy,LML,56.0,4,
2025-08-27,Zoom,LML,11.0,1,
2025-08-27,TRILOG,Direta,4.0,1,
2025-08-27,Riviera,Direta,5.0,0,
2025-08-27,REU,Direta,22.0,3,
2025-08-27,FE,LML,38.0,2,
2025-08-27,DMD,LML,23.0,3,
2025-08-27,Assis Rio,Direta,34.0,2,
2025-08-27,PJ,Direta,14.0,3,
2025-08-28,Riviera,Direta,5.0,0,
2025-08-28,Zoom,LML,12.0,1,
2025-08-28,TRILOG,Direta,5.0,0,
2025-08-28,REU,Direta,24.0,5,
2025-08-28,Zumpy,LML,52.0,4,
2025-08-28,FE,LML,35.0,1,
2025-08-28,DMD,LML,22.0,3,
2025-08-28,Assis Rio,Direta,44.0,4,
2025-08-28,PJ,Direta,14.0,1,
2025-08-29,Zumpy,LML,55.0,3,
2025-08-29,Zoom,LML,12.0,2,
2025-08-29,TRILOG,Direta,0.0,0,
2025-08-29,Riviera,Direta,5.0,0,
2025-08-29,REU,Direta,27.0,2,
2025-08-29,PJ,Direta,10.0,2,
2025-08-29,FE,LML,37.0,2,
2025-08-29,DMD,LML,20.0,2,
2025-08-29,Assis Rio,Direta,43.0,3,
2025-08-30,Zoom,LML,9.0,1,
2025-08-30,TRILOG,Direta,0.0,0,
2025-08-30,Riviera,Direta,2.0,1,
2025-08-30,REU,Direta,25.0,2,
2025-08-30,Zumpy,LML,34.0,3,
2025-08-30,FE,LML,25.0,2,
2025-08-30,DMD,LML,12.0,3,
2025-08-30,Assis Rio,Direta,37.0,4,
2025-08-30,PJ,Direta,17.0,3,
2025-09-01,Zoom,LML,11.0,1,
2025-09-01,TRILOG,Direta,0.0,0,
2025-09-01,Riviera,Direta,8.0,1,
2025-09-01,REU,Direta,30.0,1,
2025-09-01,Zumpy,LML,50.0,3,
2025-09-01,FE,LML,34.0,3,
2025-09-01,DMD,LML,19.0,3,
2025-09-01,Assis Rio,Direta,44.0,4,
2025-09-01,PJ,Direta,15.0,3,
2025-09-02,Zumpy,LML,51.0,3,
2025-09-02,Zoom,LML,10.0,0,
2025-09-02,TRILOG,Direta,7.0,1,
2025-09-02,Riviera,Direta,5.0,1,
2025-09-02,REU,Direta,28.0,2,
2025-09-02,FE,LML,33.0,4,
2025-09-02,DMD,LML,18.0,2,
2025-09-02,Assis Rio,Direta,44.0,2,
2025-09-02,PJ,Direta,15.0,2,
2025-09-03,Riviera,Direta,5.0,0,
2025-09-03,Zoom,LML,12.0,0,
2025-09-03,TRILOG,Direta,5.0,1,
2025-09-03,REU,Direta,23.0,1,
2025-09-03,Zumpy,LML,54.0,5,
2025-09-03,FE,LML,37.0,2,
2025-09-03,Assis Rio,Direta,45.0,4,
2025-09-03,PJ,Direta,15.0,3,
2025-09-03,DMD,LML,20.0,2,
2025-09-04,Zumpy,LML,55.0,2,
2025-09-04,Assis Rio,Direta,43.0,4,
2025-09-04,DMD,LML,21.0,1,
2025-09-04,FE,LML,39.0,5,
2025-09-04,PJ,Direta,14.0,1,
2025-09-04,REU,Direta,24.0,2,
2025-09-04,Riviera,Direta,5.0,1,
2025-09-04,TRILOG,Direta,7.0,1,
2025-09-04,Zoom,LML,12.0,2,
2025-09-05,Zumpy,LML,54.0,4,
2025-09-05,Zoom,LML,9.0,0,
2025-09-05,TRILOG,Direta,7.0,1,
2025-09-05,Riviera,Direta,6.0,0,
2025-09-05,DMD,LML,21.0,2,
2025-09-05,PJ,Direta,14.0,2,
2025-09-05,FE,LML,33.0,4,
2025-09-05,Assis Rio,Direta,45.0,3,
2025-09-05,REU,Direta,31.0,2,
2025-09-06,Riviera,Direta,2.0,0,
2025-09-06,Zoom,LML,9.0,1,
2025-09-06,TRILOG,Direta,4.0,0,
2025-09-06,Zumpy,LML,0.0,0,
2025-09-06,REU,Direta,29.0,4,
2025-09-06,FE,LML,29.0,6,
2025-09-06,DMD,LML,1.0,0,
2025-09-06,Assis Rio,Direta,39.0,2,
2025-09-06,PJ,Direta,17.0,2,
2025-09-07,Zumpy,LML,0.0,0,
2025-09-07,Zumpy,LML,51.0,4,
2025-09-07,Zoom,LML,0.0,0,
2025-09-07,Zoom,LML,10.0,1,
2025-09-07,TRILOG,Direta,0.0,0,
2025-09-07,TRILOG,Direta,6.0,1,
2025-09-07,Riviera,Direta,0.0,0,
2025-09-07,Riviera,Direta,7.0,0,
2025-09-07,REU,Direta,0.0,0,
2025-09-07,REU,Direta,27.0,2,
2025-09-07,PJ,Direta,0.0,0,
2025-09-07,FE,LML,0.0,0,
2025-09-07,FE,LML,38.0,3,
2025-09-07,DMD,LML,0.0,0,
2025-09-07,DMD,LML,0.0,0,
2025-09-07,Assis Rio,Direta,0.0,0,
2025-09-07,Assis Rio,Direta,45.0,4,
2025-09-07,PJ,Direta,16.0,2,
2025-09-08,TRILOG,Direta,6.0,1,
2025-09-08,Zumpy,LML,51.0,4,
2025-09-08,Zoom,LML,10.0,1,
2025-09-08,Riviera,Direta,7.0,0,
2025-09-08,REU,Direta,27.0,2,
2025-09-08,PJ,Direta,16.0,2,
2025-09-08,FE,LML,38.0,3,
2025-09-08,DMD,LML,0.0,0,
2025-09-08,Assis Rio,Direta,45.0,4,
2025-09-09,Zumpy,LML,0.0,0,
2025-09-09,Zoom,LML,11.0,2,
2025-09-09,TRILOG,Direta,7.0,1,
2025-09-09,Riviera,Direta,0.0,0,
2025-09-09,REU,Direta,28.0,3,
2025-09-09,PJ,Direta,0.0,0,
2025-09-09,FE,LML,40.0,3,
2025-09-09,DMD,LML,18.0,2,
2025-09-09,Assis Rio,Direta,45.0,3,
2025-09-10,Zoom,LML,11.0,1,
2025-09-10,TRILOG,Direta,6.0,0,
2025-09-10,Riviera,Direta,7.0,0,
2025-09-10,REU,Direta,25.0,2,
2025-09-10,Zumpy,LML,53.0,2,
2025-09-10,FE,LML,38.0,6,
2025-09-10,DMD,LML,17.0,3,
2025-09-10,Assis Rio,Direta,47.0,5,
2025-09-10,PJ,Direta,17.0,2,
2025-09-11,Zoom,LML,11.0,3,
2025-09-11,TRILOG,Direta,7.0,2,
2025-09-11,Riviera,Direta,7.0,1,
2025-09-11,REU,Direta,25.0,2,
2025-09-11,Zumpy,LML,54.0,3,
2025-09-11,FE,LML,38.0,2,
2025-09-11,DMD,LML,21.0,2,
2025-09-11,Assis Rio,Direta,44.0,3,
2025-09-11,PJ,Direta,16.0,2,
2025-09-12,Zumpy,LML,53.0,3,
2025-09-12,Zoom,LML,10.0,2,
2025-09-12,TRILOG,Direta,6.0,0,
2025-09-12,Riviera,Direta,6.0,1,
2025-09-12,REU,Direta,22.0,3,
2025-09-12,FE,LML,36.0,3,
2025-09-12,DMD,LML,19.0,2,
2025-09-12,Assis Rio,Direta,42.0,3,
2025-09-12,PJ,Direta,16.0,2,
2025-09-13,Riviera,Direta,3.0,0,
2025-09-13,Zoom,LML,10.0,0,
2025-09-13,TRILOG,Direta,4.0,1,
2025-09-13,REU,Direta,28.0,0,
2025-09-13,Zumpy,LML,45.0,4,
2025-09-13,FE,LML,24.0,4,
2025-09-13,Assis Rio,Direta,39.0,5,
2025-09-13,PJ,Direta,17.0,3,
2025-09-13,DMD,LML,15.0,1,
2025-09-14,Zumpy,LML,10.0,0,
2025-09-14,Assis Rio,Direta,0.0,0,
2025-09-14,DMD,LML,9.0,0,
2025-09-14,FE,LML,2.0,0,
2025-09-14,PJ,Direta,0.0,0,
2025-09-14,REU,Direta,0.0,0,
2025-09-14,Riviera,Direta,0.0,0,
2025-09-14,TRILOG,Direta,0.0,0,
2025-09-14,Zoom,LML,0.0,0,
2025-09-15,Zumpy,LML,50.0,2,
2025-09-15,Zoom,LML,10.0,1,
2025-09-15,TRILOG,Direta,7.0,1,
2025-09-15,Riviera,Direta,8.0,1,
2025-09-15,DMD,LML,15.0,2,
2025-09-15,PJ,Direta,16.0,2,
2025-09-15,FE,LML,39.0,4,
2025-09-15,Assis Rio,Direta,49.0,3,
2025-09-15,REU,Direta,34.0,3,
2025-09-16,Riviera,Direta,6.0,0,
2025-09-16,Zoom,LML,8.0,0,
2025-09-16,TRILOG,Direta,7.0,2,
2025-09-16,Zumpy,LML,53.0,2,
2025-09-16,REU,Direta,27.0,1,
2025-09-16,FE,LML,33.0,5,
2025-09-16,DMD,LML,19.0,3,
2025-09-16,Assis Rio,Direta,44.0,3,
2025-09-16,PJ,Direta,17.0,3,
2025-09-17,Zoom,LML,10.0,1,
2025-09-17,TRILOG,Direta,5.0,2,
2025-09-17,Riviera,Direta,6.0,1,
2025-09-17,REU,Direta,30.0,5,
2025-09-17,Zumpy,LML,56.0,5,
2025-09-17,FE,LML,0.0,0,
2025-09-17,DMD,LML,16.0,3,
2025-09-17,Assis Rio,Direta,44.0,3,
2025-09-17,PJ,Direta,0.0,0,
2025-09-18,Zumpy,LML,53.0,5,
2025-09-18,Zoom,LML,11.0,3,
2025-09-18,TRILOG,Direta,6.0,0,
2025-09-18,Riviera,Direta,5.0,1,
2025-09-18,REU,Direta,23.0,0,
2025-09-18,FE,LML,0.0,0,
2025-09-18,DMD,LML,16.0,2,
2025-09-18,Assis Rio,Direta,43.0,4,
2025-09-18,PJ,Direta,13.0,1,
2025-09-19,Riviera,Direta,7.0,2,
2025-09-19,Zoom,LML,9.0,0,
2025-09-19,TRILOG,Direta,6.0,1,
2025-09-19,REU,Direta,28.0,1,
2025-09-19,Zumpy,LML,51.0,6,
2025-09-19,FE,LML,0.0,0,
2025-09-19,DMD,LML,12.0,2,
2025-09-19,Assis Rio,Direta,46.0,4,
2025-09-19,PJ,Direta,13.0,2,
2025-09-20,Zumpy,LML,45.0,4,
2025-09-20,Zoom,LML,6.0,0,
2025-09-20,TRILOG,Direta,6.0,0,
2025-09-20,Riviera,Direta,7.0,1,
2025-09-20,REU,Direta,31.0,2,
2025-09-20,PJ,Direta,12.0,1,
2025-09-20,FE,LML,36.0,4,
2025-09-20,DMD,LML,18.0,2,
2025-09-20,Assis Rio,Direta,46.0,4,
2025-09-21,Zoom,LML,0.0,0,
2025-09-21,TRILOG,Direta,0.0,0,
2025-09-21,Riviera,Direta,0.0,0,
2025-09-21,REU,Direta,0.0,0,
2025-09-21,Zumpy,LML,0.0,0,
2025-09-21,FE,LML,0.0,0,
2025-09-21,DMD,LML,0.0,0,
2025-09-21,Assis Rio,Direta,0.0,0,
2025-09-21,PJ,Direta,0.0,0,
2025-09-22,Zoom,LML,5.0,1,
2025-09-22,TRILOG,Direta,3.0,0,
2025-09-22,Riviera,Direta,2.0,0,
2025-09-22,REU,Direta,26.0,3,
2025-09-22,Zumpy,LML,40.0,4,
2025-09-22,FE,LML,30.0,3,
2025-09-22,DMD,LML,14.0,2,
2025-09-22,Assis Rio,Direta,42.0,3,
2025-09-22,PJ,Direta,14.0,2,
2025-09-23,Zumpy,LML,36.0,4,
2025-09-23,Zoom,LML,5.0,1,
2025-09-23,TRILOG,Direta,5.0,1,
2025-09-23,Riviera,Direta,4.0,1,
2025-09-23,REU,Direta,20.0,2,
2025-09-23,FE,LML,33.0,3,
2025-09-23,DMD,LML,13.0,2,
2025-09-23,Assis Rio,Direta,61.0,2,
2025-09-23,PJ,Direta,7.0,3,
2025-09-24,Riviera,Direta,3.0,0,
2025-09-24,Zoom,LML,7.0,1,
2025-09-24,TRILOG,Direta,5.0,1,
2025-09-24,REU,Direta,25.0,2,
2025-09-24,Zumpy,LML,40.0,6,
2025-09-24,FE,LML,35.0,4,
2025-09-24,Assis Rio,Direta,47.0,5,
2025-09-24,PJ,Direta,12.0,1,
2025-09-24,DMD,LML,16.0,1,
2025-09-25,Zumpy,LML,41.0,3,
2025-09-25,Assis Rio,Direta,42.0,6,
2025-09-25,DMD,LML,16.0,0,
2025-09-25,FE,LML,32.0,3,
2025-09-25,PJ,Direta,13.0,0,
2025-09-25,REU,Direta,23.0,3,
2025-09-25,Riviera,Direta,5.0,1,
2025-09-25,TRILOG,Direta,7.0,0,
2025-09-25,Zoom,LML,7.0,3,
2025-09-26,Zumpy,LML,46.0,4,
2025-09-26,Zoom,LML,9.0,1,
2025-09-26,TRILOG,Direta,5.0,2,
2025-09-26,Riviera,Direta,5.0,1,
2025-09-26,DMD,LML,21.0,3,
2025-09-26,PJ,Direta,13.0,1,
2025-09-26,FE,LML,30.0,3,
2025-09-26,Assis Rio,Direta,45.0,3,
2025-09-26,REU,Direta,29.0,2,
2025-09-27,Riviera,Direta,5.0,2,
2025-09-27,Zoom,LML,5.0,0,
2025-09-27,TRILOG,Direta,4.0,2,
2025-09-27,Zumpy,LML,26.0,6,
2025-09-27,REU,Direta,22.0,2,
2025-09-27,FE,LML,20.0,1,
2025-09-27,DMD,LML,16.0,1,
2025-09-27,Assis Rio,Direta,35.0,2,
2025-09-27,PJ,Direta,14.0,2,
2025-09-28,Zoom,LML,0.0,0,
2025-09-28,TRILOG,Direta,0.0,0,
2025-09-28,Riviera,Direta,0.0,0,
2025-09-28,REU,Direta,0.0,0,
2025-09-28,Zumpy,LML,0.0,0,
2025-09-28,FE,LML,0.0,0,
2025-09-28,DMD,LML,0.0,0,
2025-09-28,Assis Rio,Direta,0.0,0,
2025-09-28,PJ,Direta,0.0,0,
2025-09-29,Zumpy,LML,49.0,3,
2025-09-29,Zoom,LML,6.0,1,
2025-09-29,TRILOG,Direta,6.0,1,
2025-09-29,Riviera,Direta,7.0,1,
2025-09-29,REU,Direta,31.0,3,
2025-09-29,FE,LML,35.0,5,
2025-09-29,DMD,LML,20.0,2,
2025-09-29,Assis Rio,Direta,46.0,3,
2025-09-29,PJ,Direta,13.0,2,
2025-09-30,Riviera,Direta,5.0,0,
2025-09-30,Zoom,LML,7.0,0,
2025-09-30,TRILOG,Direta,7.0,0,
2025-09-30,REU,Direta,25.0,1,
2025-09-30,Zumpy,LML,41.0,6,
2025-09-30,FE,LML,31.0,3,
2025-09-30,Assis Rio,Direta,44.0,3,
2025-09-30,PJ,Direta,14.0,4,
2025-09-30,DMD,LML,21.0,2,
2025-10-01,Assis Rio,Direta,41.0,3,
2025-10-01,DMD,LML,21.0,2,
2025-10-01,FE,LML,35.0,3,
2025-10-01,PJ,Direta,13.0,3,
2025-10-01,REU,Direta,26.0,4,
2025-10-01,Riviera,Direta,0.0,0,
2025-10-01,TRILOG,Direta,5.0,0,
2025-10-01,Zoom,LML,10.0,1,
2025-10-01,Zumpy,LML,52.0,4,
2025-10-02,Zumpy,LML,54.0,4,
2025-10-02,Zoom,LML,8.0,1,
2025-10-02,TRILOG,Direta,7.0,1,
2025-10-02,Riviera,Direta,3.0,1,
2025-10-02,DMD,LML,24.0,2,
2025-10-02,PJ,Direta,14.0,2,
2025-10-02,FE,LML,33.0,3,
2025-10-02,Assis Rio,Direta,44.0,4,
2025-10-02,REU,Direta,23.0,1,
2025-10-03,TRILOG,Direta,7.0,0,
2025-10-03,Zumpy,LML,47.0,5,
2025-10-03,Zoom,LML,8.0,2,
2025-10-03,Riviera,Direta,5.0,1,
2025-10-03,REU,Direta,26.0,0,
2025-10-03,PJ,Direta,12.0,0,
2025-10-03,FE,LML,34.0,0,
2025-10-03,DMD,LML,23.0,2,
2025-10-03,Assis Rio,Direta,42.0,9,
2025-10-04,Zoom,LML,5.0,1,
2025-10-04,TRILOG,Direta,5.0,1,
2025-10-04,Riviera,Direta,4.0,0,
2025-10-04,REU,Direta,25.0,1,
2025-10-04,Zumpy,LML,28.0,4,
2025-10-04,FE,LML,21.0,1,
2025-10-04,DMD,LML,15.0,0,
2025-10-04,Assis Rio,Direta,37.0,4,
2025-10-04,PJ,Direta,15.0,2,
2025-10-05,Zumpy,LML,0.0,0,
2025-10-05,Zoom,LML,0.0,0,
2025-10-05,TRILOG,Direta,0.0,0,
2025-10-05,Riviera,Direta,0.0,0,
2025-10-05,REU,Direta,0.0,0,
2025-10-05,FE,LML,0.0,0,
2025-10-05,DMD,LML,0.0,0,
2025-10-05,Assis Rio,Direta,0.0,0,
2025-10-05,PJ,Direta,0.0,0,
2025-10-06,Riviera,Direta,7.0,2,
2025-10-06,Zoom,LML,8.0,2,
2025-10-06,TRILOG,Direta,6.0,1,
2025-10-06,Zumpy,LML,51.0,2,
2025-10-06,REU,Direta,34.0,2,
2025-10-06,FE,LML,31.0,2,
2025-10-06,Assis Rio,Direta,44.0,4,
2025-10-06,PJ,Direta,15.0,2,
2025-10-06,DMD,LML,24.0,3,
2025-10-07,Zumpy,LML,38.0,5,
2025-10-07,Assis Rio,Direta,39.0,3,
2025-10-07,DMD,LML,15.0,1,
2025-10-07,FE,LML,26.0,3,
2025-10-07,PJ,Direta,15.0,1,
2025-10-07,REU,Direta,27.0,3,
2025-10-07,Riviera,Direta,6.0,2,
2025-10-07,TRILOG,Direta,7.0,0,
2025-10-07,Zoom,LML,5.0,0,
2025-10-08,Zumpy,LML,47.0,4,
2025-10-08,Zoom,LML,9.0,2,
2025-10-08,TRILOG,Direta,5.0,1,
2025-10-08,Riviera,Direta,4.0,0,
2025-10-08,DMD,LML,21.0,2,
2025-10-08,PJ,Direta,15.0,1,
2025-10-08,FE,LML,31.0,2,
2025-10-08,Assis Rio,Direta,44.0,6,
2025-10-08,REU,Direta,28.0,0,
2025-10-09,Riviera,Direta,5.0,2,
2025-10-09,Zoom,LML,10.0,0,
2025-10-09,TRILOG,Direta,6.0,0,
2025-10-09,Zumpy,LML,50.0,5,
2025-10-09,REU,Direta,25.0,3,
2025-10-09,FE,LML,31.0,3,
2025-10-09,DMD,LML,22.0,1,
2025-10-09,Assis Rio,Direta,43.0,3,
2025-10-09,PJ,Direta,13.0,1,
2025-10-10,Zoom,LML,8.0,1,
2025-10-10,TRILOG,Direta,5.0,1,
2025-10-10,Riviera,Direta,4.0,0,
2025-10-10,REU,Direta,28.0,3,
2025-10-10,Zumpy,LML,49.0,4,
2025-10-10,FE,LML,36.0,3,
2025-10-10,DMD,LML,20.0,3,
2025-10-10,Assis Rio,Direta,42.0,3,
2025-10-10,PJ,Direta,11.0,2,
2025-10-11,Zumpy,LML,31.0,4,
2025-10-11,Zoom,LML,0.0,0,
2025-10-11,TRILOG,Direta,3.0,1,
2025-10-11,Riviera,Direta,4.0,1,
2025-10-11,REU,Direta,26.0,1,
2025-10-11,FE,LML,25.0,2,
2025-10-11,DMD,LML,18.0,1,
2025-10-11,Assis Rio,Direta,38.0,3,
2025-10-11,PJ,Direta,14.0,2,
2025-10-12,Zumpy,LML,0.0,0,
2025-10-12,Zoom,LML,0.0,0,
2025-10-12,TRILOG,Direta,0.0,0,
2025-10-12,Riviera,Direta,0.0,0,
2025-10-12,FE,LML,0.0,0,
2025-10-12,PJ,Direta,0.0,0,
2025-10-12,DMD,LML,0.0,0,
2025-10-12,Assis Rio,Direta,0.0,0,
2025-10-12,REU,Direta,0.0,0,
2025-10-13,Zumpy,LML,46.0,2,
2025-10-13,Zoom,LML,11.0,1,
2025-10-13,TRILOG,Direta,6.0,2,
2025-10-13,Riviera,Direta,7.0,1,
2025-10-13,REU,Direta,24.0,1,
2025-10-13,PJ,Direta,16.0,1,
2025-10-13,FE,LML,35.0,3,
2025-10-13,DMD,LML,25.0,2,
2025-10-13,Assis Rio,Direta,41.0,3,
2025-10-14,Zoom,LML,8.0,1,
2025-10-14,TRILOG,Direta,7.0,1,
2025-10-14,Riviera,Direta,5.0,2,
2025-10-14,REU,Direta,29.0,2,
2025-10-14,Zumpy,LML,50.0,5,
2025-10-14,FE,LML,34.0,3,
2025-10-14,DMD,LML,21.0,2,
2025-10-14,Assis Rio,Direta,42.0,3,
2025-10-14,PJ,Direta,14.0,2,
2025-10-15,Zoom,LML,10.0,2,
2025-10-15,TRILOG,Direta,5.0,2,
2025-10-15,Riviera,Direta,4.0,0,
2025-10-15,REU,Direta,26.0,2,
2025-10-15,Zumpy,LML,46.0,2,
2025-10-15,FE,LML,38.0,3,
2025-10-15,DMD,LML,25.0,5,
2025-10-15,Assis Rio,Direta,42.0,2,
2025-10-15,PJ,Direta,17.0,4,
2025-10-16,Zumpy,LML,49.0,4,
2025-10-16,Zoom,LML,0.0,0,
2025-10-16,TRILOG,Direta,6.0,1,
2025-10-16,Riviera,Direta,4.0,0,
2025-10-16,REU,Direta,23.0,1,
2025-10-16,FE,LML,50.0,4,
2025-10-16,DMD,LML,24.0,1,
2025-10-16,Assis Rio,Direta,41.0,2,
2025-10-16,PJ,Direta,14.0,2,
2025-10-17,Riviera,Direta,4.0,1,
2025-10-17,Zoom,LML,10.0,1,
2025-10-17,TRILOG,Direta,6.0,1,
2025-10-17,REU,Direta,9.0,3,
2025-10-17,Zumpy,LML,45.0,3,
2025-10-17,FE,LML,39.0,3,
2025-10-17,Assis Rio,Direta,42.0,2,
2025-10-17,PJ,Direta,12.0,2,
2025-10-17,DMD,LML,22.0,2,
2025-10-18,Zumpy,LML,42.0,5,
2025-10-18,Assis Rio,Direta,39.0,4,
2025-10-18,DMD,LML,23.0,1,
2025-10-18,FE,LML,33.0,3,
2025-10-18,PJ,Direta,15.0,1,
2025-10-18,REU,Direta,25.0,3,
2025-10-18,Riviera,Direta,4.0,0,
2025-10-18,TRILOG,Direta,3.0,0,
2025-10-18,Zoom,LML,8.0,1,
2025-10-19,Zumpy,LML,0.0,0,
2025-10-19,Zoom,LML,0.0,0,
2025-10-19,TRILOG,Direta,0.0,0,
2025-10-19,Riviera,Direta,0.0,0,
2025-10-19,DMD,LML,0.0,0,
2025-10-19,PJ,Direta,0.0,0,
2025-10-19,FE,LML,0.0,0,
2025-10-19,Assis Rio,Direta,0.0,0,
2025-10-19,REU,Direta,0.0,0,
2025-10-20,Riviera,Direta,0.0,0,
2025-10-20,Zoom,LML,0.0,0,
2025-10-20,TRILOG,Direta,0.0,0,
2025-10-20,Zumpy,LML,0.0,0,
2025-10-20,REU,Direta,0.0,0,
2025-10-20,FE,LML,0.0,0,
2025-10-20,DMD,LML,0.0,0,
2025-10-20,Assis Rio,Direta,0.0,0,
2025-10-20,PJ,Direta,0.0,0,
2025-10-21,Zoom,LML,8.0,1,
2025-10-21,TRILOG,Direta,5.0,3,
2025-10-21,Riviera,Direta,4.0,0,
2025-10-21,REU,Direta,21.0,2,
2025-10-21,Zumpy,LML,45.0,4,
2025-10-21,FE,LML,40.0,2,
2025-10-21,DMD,LML,23.0,2,
2025-10-21,Assis Rio,Direta,39.0,5,
2025-10-21,PJ,Direta,13.0,0,
2025-10-22,Zumpy,LML,50.0,3,
2025-10-22,Zoom,LML,11.0,1,
2025-10-22,TRILOG,Direta,5.0,1,
2025-10-22,Riviera,Direta,4.0,0,
2025-10-22,REU,Direta,27.0,1,
2025-10-22,FE,LML,40.0,2,
2025-10-22,DMD,LML,28.0,6,
2025-10-22,Assis Rio,Direta,44.0,3,
2025-10-22,PJ,Direta,16.0,3,
2025-10-23,TRILOG,Direta,6.0,1,
2025-10-23,Zumpy,LML,52.0,4,
2025-10-23,Zoom,LML,11.0,2,
2025-10-23,Riviera,Direta,5.0,0,
2025-10-23,REU,Direta,25.0,2,
2025-10-23,PJ,Direta,14.0,1,
2025-10-23,FE,LML,40.0,4,
2025-10-23,DMD,LML,26.0,4,
2025-10-23,Assis Rio,Direta,42.0,3,
2025-10-24,Zumpy,LML,48.0,5,
2025-10-24,Zoom,LML,9.0,0,
2025-10-24,TRILOG,Direta,6.0,1,
2025-10-24,Riviera,Direta,4.0,1,
2025-10-24,REU,Direta,29.0,1,
2025-10-24,PJ,Direta,14.0,1,
2025-10-24,FE,LML,40.0,4,
2025-10-24,DMD,LML,26.0,3,
2025-10-24,Assis Rio,Direta,45.0,5,
2025-10-25,Zoom,LML,7.0,0,
2025-10-25,TRILOG,Direta,4.0,0,
2025-10-25,Riviera,Direta,5.0,2,
2025-10-25,REU,Direta,25.0,1,
2025-10-25,Zumpy,LML,35.0,5,
2025-10-25,FE,LML,26.0,1,
2025-10-25,DMD,LML,21.0,3,
2025-10-25,Assis Rio,Direta,37.0,4,
2025-10-25,PJ,Direta,13.0,2,
2025-10-26,Zoom,LML,0.0,0,
2025-10-26,TRILOG,Direta,0.0,0,
2025-10-26,Riviera,Direta,0.0,0,
2025-10-26,REU,Direta,0.0,0,
2025-10-26,Zumpy,LML,0.0,0,
2025-10-26,FE,LML,0.0,0,
2025-10-26,DMD,LML,0.0,0,
2025-10-26,Assis Rio,Direta,0.0,0,
2025-10-26,PJ,Direta,0.0,0,
2025-10-27,Zumpy,LML,52.0,4,
2025-10-27,Zoom,LML,8.0,2,
2025-10-27,TRILOG,Direta,7.0,1,
2025-10-27,Riviera,Direta,7.0,1,
2025-10-27,REU,Direta,31.0,4,
2025-10-27,FE,LML,37.0,3,
2025-10-27,DMD,LML,20.0,2,
2025-10-27,Assis Rio,Direta,43.0,3,
2025-10-27,PJ,Direta,18.0,1,
2025-10-28,Riviera,Direta,5.0,1,
2025-10-28,Zoom,LML,8.0,2,
2025-10-28,TRILOG,Direta,6.0,1,
2025-10-28,REU,Direta,29.0,1,
2025-10-28,Zumpy,LML,44.0,4,
2025-10-28,FE,LML,37.0,1,
2025-10-28,Assis Rio,Direta,42.0,4,
2025-10-28,PJ,Direta,16.0,2,
2025-10-28,DMD,LML,19.0,2,
2025-10-29,Zumpy,LML,49.0,4,
2025-10-29,Assis Rio,Direta,40.0,3,
2025-10-29,DMD,LML,28.0,4,
2025-10-29,FE,LML,35.0,2,
2025-10-29,PJ,Direta,15.0,3,
2025-10-29,REU,Direta,23.0,2,
2025-10-29,Riviera,Direta,4.0,0,
2025-10-29,TRILOG,Direta,6.0,1,
2025-10-29,Zoom,LML,10.0,2,
2025-10-30,Zumpy,LML,50.0,5,
2025-10-30,Zoom,LML,10.0,1,
2025-10-30,TRILOG,Direta,6.0,0,
2025-10-30,Riviera,Direta,5.0,2,
2025-10-30,DMD,LML,24.0,2,
2025-10-30,PJ,Direta,14.0,1,
2025-10-30,FE,LML,33.0,3,
2025-10-30,Assis Rio,Direta,38.0,4,
2025-10-30,REU,Direta,22.0,1,
2025-10-31,Riviera,Direta,6.0,1,
2025-10-31,Zoom,LML,8.0,1,
2025-10-31,TRILOG,Direta,6.0,0,
2025-10-31,Zumpy,LML,54.0,5,
2025-10-31,REU,Direta,26.0,3,
2025-10-31,FE,LML,37.0,2,
2025-10-31,DMD,LML,21.0,4,
2025-10-31,Assis Rio,Direta,45.0,4,
2025-10-31,PJ,Direta,14.0,1,
2025-11-01,Zoom,LML,6.0,1,
2025-11-01,TRILOG,Direta,3.0,0,
2025-11-01,Riviera,Direta,4.0,2,
2025-11-01,REU,Direta,27.0,2,
2025-11-01,Zumpy,LML,0.0,0,
2025-11-01,FE,LML,0.0,0,
2025-11-01,DMD,LML,19.0,1,
2025-11-01,Assis Rio,Direta,36.0,2,
2025-11-01,PJ,Direta,15.0,2,
2025-11-02,Zumpy,LML,0.0,0,
2025-11-02,Zoom,LML,0.0,0,
2025-11-02,TRILOG,Direta,0.0,0,
2025-11-02,Riviera,Direta,0.0,0,
2025-11-02,REU,Direta,0.0,0,
2025-11-02,FE,LML,0.0,0,
2025-11-02,DMD,LML,0.0,0,
2025-11-02,Assis Rio,Direta,0.0,0,
2025-11-02,PJ,Direta,0.0,0,
2025-11-03,TRILOG,Direta,6.0,0,
2025-11-03,Zumpy,LML,0.0,0,
2025-11-03,Zoom,LML,8.0,1,
2025-11-03,Riviera,Direta,5.0,0,
2025-11-03,REU,Direta,32.0,4,
2025-11-03,PJ,Direta,15.0,3,
2025-11-03,FE,LML,0.0,0,
2025-11-03,DMD,LML,20.0,1,
2025-11-03,Assis Rio,Direta,43.0,3,
2025-11-04,Zumpy,LML,48.0,2,
2025-11-04,Zoom,LML,8.0,2,
2025-11-04,TRILOG,Direta,5.0,0,
2025-11-04,Riviera,Direta,6.0,1,
2025-11-04,REU,Direta,27.0,4,
2025-11-04,PJ,Direta,17.0,2,
2025-11-04,FE,LML,35.0,4,
2025-11-04,DMD,LML,20.0,3,
2025-11-04,Assis Rio,Direta,43.0,2,
2025-11-05,Zoom,LML,11.0,1,
2025-11-05,TRILOG,Direta,6.0,1,
2025-11-05,Riviera,Direta,5.0,1,
2025-11-05,REU,Direta,27.0,2,
2025-11-05,Zumpy,LML,56.0,5,
2025-11-05,FE,LML,36.0,4,
2025-11-05,DMD,LML,26.0,2,
2025-11-05,Assis Rio,Direta,46.0,5,
2025-11-05,PJ,Direta,15.0,0,
2025-11-06,Zoom,LML,10.0,1,
2025-11-06,TRILOG,Direta,6.0,3,
2025-11-06,Riviera,Direta,7.0,2,
2025-11-06,REU,Direta,27.0,1,
2025-11-06,Zumpy,LML,54.0,5,
2025-11-06,FE,LML,37.0,3,
2025-11-06,DMD,LML,24.0,2,
2025-11-06,Assis Rio,Direta,44.0,3,
2025-11-06,PJ,Direta,17.0,1,
2025-11-07,Zumpy,LML,50.0,4,
2025-11-07,Zoom,LML,6.0,0,
2025-11-07,TRILOG,Direta,6.0,1,
2025-11-07,Riviera,Direta,6.0,1,
2025-11-07,REU,Direta,35.0,3,
2025-11-07,FE,LML,36.0,3,
2025-11-07,DMD,LML,20.0,4,
2025-11-07,Assis Rio,Direta,47.0,4,
2025-11-07,PJ,Direta,15.0,1,
2025-11-08,Riviera,Direta,5.0,1,
2025-11-08,Zoom,LML,5.0,0,
2025-11-08,TRILOG,Direta,4.0,1,
2025-11-08,REU,Direta,30.0,4,
2025-11-08,Zumpy,LML,0.0,0,
2025-11-08,FE,LML,30.0,3,
2025-11-08,Assis Rio,Direta,43.0,2,
2025-11-08,PJ,Direta,16.0,2,
2025-11-08,DMD,LML,22.0,6,
2025-11-09,Zumpy,LML,0.0,0,
2025-11-09,Assis Rio,Direta,0.0,0,
2025-11-09,DMD,LML,0.0,0,
2025-11-09,FE,LML,0.0,0,
2025-11-09,PJ,Direta,8.0,0,
2025-11-09,REU,Direta,0.0,0,
2025-11-09,Riviera,Direta,0.0,0,
2025-11-09,TRILOG,Direta,3.0,0,
2025-11-09,Zoom,LML,0.0,0,
2025-11-10,Zumpy,LML,0.0,0,
2025-11-10,Zoom,LML,5.0,2,
2025-11-10,TRILOG,Direta,6.0,1,
2025-11-10,Riviera,Direta,6.0,2,
2025-11-10,DMD,LML,20.0,1,
2025-11-10,PJ,Direta,16.0,2,
2025-11-10,FE,LML,35.0,5,
2025-11-10,Assis Rio,Direta,45.0,4,
2025-11-10,REU,Direta,34.0,3,
2025-11-11,Riviera,Direta,6.0,0,
2025-11-11,Zoom,LML,5.0,1,
2025-11-11,TRILOG,Direta,7.0,1,
2025-11-11,Zumpy,LML,57.0,5,
2025-11-11,REU,Direta,31.0,2,
2025-11-11,FE,LML,35.0,1,
2025-11-11,DMD,LML,29.0,4,
2025-11-11,Assis Rio,Direta,45.0,5,
2025-11-11,PJ,Direta,17.0,3,
2025-11-12,Zoom,LML,7.0,0,
2025-11-12,TRILOG,Direta,6.0,1,
2025-11-12,Riviera,Direta,6.0,3,
2025-11-12,REU,Direta,35.0,2,
2025-11-12,Zumpy,LML,60.0,4,
2025-11-12,FE,LML,35.0,3,
2025-11-12,DMD,LML,28.0,5,
2025-11-12,Assis Rio,Direta,48.0,2,
2025-11-12,PJ,Direta,18.0,2,
2025-11-13,Zumpy,LML,58.0,4,
2025-11-13,Zoom,LML,8.0,1,
2025-11-13,TRILOG,Direta,6.0,0,
2025-11-13,Riviera,Direta,4.0,0,
2025-11-13,REU,Direta,32.0,2,
2025-11-13,FE,LML,37.0,3,
2025-11-13,DMD,LML,27.0,4,
2025-11-13,Assis Rio,Direta,46.0,4,
2025-11-13,PJ,Direta,17.0,4,
2025-11-14,TRILOG,Direta,7.0,3,
2025-11-14,Zumpy,LML,53.0,4,
2025-11-14,Zoom,LML,8.0,0,
2025-11-14,Riviera,Direta,6.0,0,
2025-11-14,REU,Direta,31.0,3,
2025-11-14,PJ,Direta,17.0,2,
2025-11-14,FE,LML,34.0,4,
2025-11-14,DMD,LML,26.0,4,
2025-11-14,Assis Rio,Direta,47.0,3,
2025-11-15,Zumpy,LML,43.0,4,
2025-11-15,Zoom,LML,7.0,2,
2025-11-15,TRILOG,Direta,4.0,0,
2025-11-15,Riviera,Direta,4.0,0,
2025-11-15,REU,Direta,25.0,3,
2025-11-15,PJ,Direta,17.0,3,
2025-11-15,FE,LML,29.0,2,
2025-11-15,DMD,LML,22.0,2,
2025-11-15,Assis Rio,Direta,17.0,2,
2025-11-16,Zoom,LML,0.0,0,
2025-11-16,TRILOG,Direta,0.0,0,
2025-11-16,Riviera,Direta,0.0,0,
2025-11-16,REU,Direta,0.0,0,
2025-11-16,Zumpy,LML,0.0,0,
2025-11-16,FE,LML,0.0,0,
2025-11-16,DMD,LML,0.0,0,
2025-11-16,Assis Rio,Direta,0.0,0,
2025-11-16,PJ,Direta,15.0,0,
2025-11-17,Zoom,LML,8.0,1,
2025-11-17,TRILOG,Direta,7.0,1,
2025-11-17,Riviera,Direta,6.0,1,
2025-11-17,REU,Direta,33.0,2,
2025-11-17,Zumpy,LML,53.0,4,
2025-11-17,FE,LML,32.0,4,
2025-11-17,DMD,LML,29.0,3,
2025-11-17,Assis Rio,Direta,50.0,4,
2025-11-17,PJ,Direta,17.0,2,
2025-11-18,Zumpy,LML,46.0,7,
2025-11-18,Zoom,LML,5.0,0,
2025-11-18,TRILOG,Direta,6.0,2,
2025-11-18,Riviera,Direta,7.0,1,
2025-11-18,REU,Direta,36.0,2,
2025-11-18,FE,LML,38.0,4,
2025-11-18,DMD,LML,20.0,0,
2025-11-18,Assis Rio,Direta,46.0,4,
2025-11-18,PJ,Direta,17.0,1,
2025-11-19,Riviera,Direta,6.0,0,
2025-11-19,Zoom,LML,9.0,2,
2025-11-19,TRILOG,Direta,6.0,2,
2025-11-19,REU,Direta,35.0,3,
2025-11-19,Zumpy,LML,59.0,4,
2025-11-19,FE,LML,38.0,4,
2025-11-19,Assis Rio,Direta,50.0,3,
2025-11-19,PJ,Direta,18.0,2,
2025-11-19,DMD,LML,23.0,2,
2025-11-20,Zumpy,LML,51.0,3,
2025-11-20,Assis Rio,Direta,28.0,2,
2025-11-20,DMD,LML,22.0,3,
2025-11-20,FE,LML,38.0,6,
2025-11-20,PJ,Direta,17.0,2,
2025-11-20,REU,Direta,26.0,2,
2025-11-20,Riviera,Direta,4.0,2,
2025-11-20,TRILOG,Direta,6.0,2,
2025-11-20,Zoom,LML,8.0,0,
2025-11-21,Zumpy,LML,54.0,5,
2025-11-21,Zoom,LML,10.0,0,
2025-11-21,TRILOG,Direta,7.0,1,
2025-11-21,Riviera,Direta,5.0,1,
2025-11-21,DMD,LML,24.0,2,
2025-11-21,PJ,Direta,20.0,2,
2025-11-21,FE,LML,36.0,4,
2025-11-21,Assis Rio,Direta,51.0,5,
2025-11-21,REU,Direta,36.0,1,
2025-11-22,Riviera,Direta,8.0,1,
2025-11-22,Zoom,LML,4.0,0,
2025-11-22,TRILOG,Direta,6.0,0,
2025-11-22,Zumpy,LML,28.0,3,
2025-11-22,REU,Direta,34.0,3,
2025-11-22,FE,LML,24.0,4,
2025-11-22,DMD,LML,10.0,3,
2025-11-22,Assis Rio,Direta,51.0,4,
2025-11-22,PJ,Direta,18.0,2,
2025-11-23,Zoom,LML,0.0,0,
2025-11-23,TRILOG,Direta,18.0,0,
2025-11-23,Riviera,Direta,0.0,0,
2025-11-23,REU,Direta,0.0,0,
2025-11-23,Zumpy,LML,0.0,0,
2025-11-23,FE,LML,0.0,0,
2025-11-23,DMD,LML,0.0,0,
2025-11-23,Assis Rio,Direta,13.0,0,
2025-11-23,PJ,Direta,0.0,0,
2025-11-24,Zumpy,LML,57.0,6,
2025-11-24,Zoom,LML,10.0,1,
2025-11-24,TRILOG,Direta,9.0,0,
2025-11-24,Riviera,Direta,7.0,3,
2025-11-24,REU,Direta,45.0,2,
2025-11-24,FE,LML,35.0,3,
2025-11-24,DMD,LML,27.0,2,
2025-11-24,Assis Rio,Direta,53.0,3,
2025-11-24,PJ,Direta,17.0,4,
2025-11-25,Riviera,Direta,7.0,1,
2025-11-25,Zumpy,LML,58.0,5,
2025-11-25,TRILOG,Direta,7.0,1,
2025-11-25,REU,Direta,45.0,2,
2025-11-25,Zoom,LML,12.0,0,
2025-11-25,FE,LML,39.0,3,
2025-11-25,DMD,LML,29.0,2,
2025-11-25,Assis Rio,Direta,50.0,3,
2025-11-25,PJ,Direta,20.0,3,
2025-11-26,Zumpy,LML,59.0,4,
2025-11-26,Zoom,LML,15.0,1,
2025-11-26,TRILOG,Direta,7.0,1,
2025-11-26,Riviera,Direta,8.0,1,
2025-11-26,REU,Direta,35.0,3,
2025-11-26,PJ,Direta,20.0,3,
2025-11-26,FE,LML,40.0,3,
2025-11-26,DMD,LML,33.0,4,
2025-11-26,Assis Rio,Direta,58.0,3,
2025-11-27,Zoom,LML,13.0,3,
2025-11-27,TRILOG,Direta,8.0,2,
2025-11-27,Riviera,Direta,9.0,1,
2025-11-27,REU,Direta,38.0,4,
2025-11-27,Zumpy,LML,63.0,6,
2025-11-27,FE,LML,39.0,2,
2025-11-27,DMD,LML,27.0,1,
2025-11-27,Assis Rio,Direta,59.0,2,
2025-11-27,PJ,Direta,19.0,1,
2025-11-28,Zoom,LML,14.0,2,
2025-11-28,TRILOG,Direta,7.0,2,
2025-11-28,Riviera,Direta,6.0,1,
2025-11-28,REU,Direta,41.0,7,
2025-11-28,Zumpy,LML,62.0,6,
2025-11-28,FE,LML,40.0,3,
2025-11-28,DMD,LML,31.0,2,
2025-11-28,Assis Rio,Direta,58.0,1,
2025-11-28,PJ,Direta,20.0,2,
2025-11-29,Zumpy,LML,63.0,8,
2025-11-29,Zoom,LML,16.0,2,
2025-11-29,TRILOG,Direta,6.0,0,
2025-11-29,Riviera,Direta,9.0,0,
2025-11-29,REU,Direta,43.0,2,
2025-11-29,FE,LML,40.0,1,
2025-11-29,DMD,LML,29.0,3,
2025-11-29,Assis Rio,Direta,60.0,0,
2025-11-29,PJ,Direta,22.0,1,
2025-11-30,Riviera,Direta,4.0,1,
2025-11-30,Zoom,LML,14.0,2,
2025-11-30,TRILOG,Direta,0.0,0,
2025-11-30,REU,Direta,31.0,3,
2025-11-30,Zumpy,LML,45.0,2,
2025-11-30,FE,LML,27.0,3,
2025-11-30,Assis Rio,Direta,33.0,3,
2025-11-30,PJ,Direta,23.0,1,
2025-11-30,DMD,LML,29.0,2,
2025-12-01,Zumpy,LML,64.0,4,
2025-12-01,Assis Rio,Direta,57.0,4,
2025-12-01,DMD,LML,29.0,4,
2025-12-01,FE,LML,43.0,4,
2025-12-01,PJ,Direta,25.0,4,
2025-12-01,REU,Direta,44.0,3,
2025-12-01,Riviera,Direta,9.0,1,
2025-12-01,TRILOG,Direta,4.0,0,
2025-12-01,Zoom,LML,8.0,1,
2025-12-02,Zumpy,LML,61.0,6,
2025-12-02,Zoom,LML,15.0,0,
2025-12-02,TRILOG,Direta,6.0,1,
2025-12-02,Riviera,Direta,9.0,0,
2025-12-02,DMD,LML,29.0,3,
2025-12-02,PJ,Direta,26.0,2,
2025-12-02,FE,LML,45.0,3,
2025-12-02,Assis Rio,Direta,59.0,5,
2025-12-02,REU,Direta,45.0,4,
2025-12-03,Riviera,Direta,9.0,0,
2025-12-03,Zoom,LML,13.0,1,
2025-12-03,TRILOG,Direta,6.0,1,
2025-12-03,Zumpy,LML,61.0,6,
2025-12-03,REU,Direta,47.0,4,
2025-12-03,FE,LML,42.0,5,
2025-12-03,DMD,LML,31.0,1,
2025-12-03,Assis Rio,Direta,57.0,4,
2025-12-03,PJ,Direta,25.0,4,
2025-12-04,Zoom,LML,13.0,2,
2025-12-04,TRILOG,Direta,8.0,1,
2025-12-04,Riviera,Direta,9.0,2,
2025-12-04,REU,Direta,45.0,3,
2025-12-04,Zumpy,LML,57.0,3,
2025-12-04,FE,LML,43.0,1,
2025-12-04,DMD,LML,28.0,2,
2025-12-04,Assis Rio,Direta,57.0,2,
2025-12-04,PJ,Direta,24.0,2,
2025-12-05,Zumpy,LML,54.0,6,
2025-12-05,Zoom,LML,13.0,2,
2025-12-05,TRILOG,Direta,7.0,1,
2025-12-05,Riviera,Direta,8.0,1,
2025-12-05,REU,Direta,48.0,4,
2025-12-05,FE,LML,42.0,3,
2025-12-05,DMD,LML,29.0,3,
2025-12-05,Assis Rio,Direta,56.0,5,
2025-12-05,PJ,Direta,23.0,3,
2025-12-06,TRILOG,Direta,7.0,0,
2025-12-06,Zumpy,LML,45.0,4,
2025-12-06,Zoom,LML,9.0,1,
2025-12-06,Riviera,Direta,9.0,2,
2025-12-06,REU,Direta,48.0,5,
2025-12-06,PJ,Direta,24.0,1,
2025-12-06,FE,LML,38.0,5,
2025-12-06,DMD,LML,26.0,2,
2025-12-06,Assis Rio,Direta,59.0,6,
2025-12-07,Zumpy,LML,0.0,0,
2025-12-07,Zoom,LML,0.0,0,
2025-12-07,TRILOG,Direta,0.0,0,
2025-12-07,Riviera,Direta,2.0,1,
2025-12-07,REU,Direta,28.0,3,
2025-12-07,PJ,Direta,24.0,1,
2025-12-07,FE,LML,0.0,0,
2025-12-07,DMD,LML,0.0,0,
2025-12-07,Assis Rio,Direta,38.0,5,
2025-12-08,Zoom,LML,9.0,1,
2025-12-08,TRILOG,Direta,4.0,1,
2025-12-08,Riviera,Direta,9.0,1,
2025-12-08,REU,Direta,49.0,3,
2025-12-08,Zumpy,LML,55.0,4,
2025-12-08,FE,LML,40.0,4,
2025-12-08,DMD,LML,28.0,3,
2025-12-08,Assis Rio,Direta,50.0,3,
2025-12-08,PJ,Direta,22.0,3,
2025-12-09,Zoom,LML,9.0,1,
2025-12-09,TRILOG,Direta,5.0,0,
2025-12-09,Riviera,Direta,7.0,1,
2025-12-09,REU,Direta,44.0,3,
2025-12-09,Zumpy,LML,58.0,4,
2025-12-09,FE,LML,40.0,3,
2025-12-09,DMD,LML,22.0,3,
2025-12-09,Assis Rio,Direta,54.0,4,
2025-12-09,PJ,Direta,24.0,3,
2025-12-10,Zumpy,LML,55.0,3,
2025-12-10,Zoom,LML,10.0,2,
2025-12-10,TRILOG,Direta,5.0,1,
2025-12-10,Riviera,Direta,9.0,2,
2025-12-10,REU,Direta,37.0,4,
2025-12-10,FE,LML,42.0,2,
2025-12-10,DMD,LML,25.0,5,
2025-12-10,Assis Rio,Direta,57.0,2,
2025-12-10,PJ,Direta,26.0,3,
2025-12-11,Riviera,Direta,10.0,2,
2025-12-11,Zoom,LML,10.0,0,
2025-12-11,TRILOG,Direta,7.0,0,
2025-12-11,REU,Direta,31.0,3,
2025-12-11,Zumpy,LML,54.0,5,
2025-12-11,FE,LML,43.0,5,
2025-12-11,Assis Rio,Direta,58.0,3,
2025-12-11,PJ,Direta,21.0,4,
2025-12-11,DMD,LML,22.0,3,
2025-12-12,Zumpy,LML,53.0,6,
2025-12-12,Assis Rio,Direta,56.0,6,
2025-12-12,DMD,LML,23.0,2,
2025-12-12,FE,LML,43.0,2,
2025-12-12,PJ,Direta,21.0,0,
2025-12-12,REU,Direta,32.0,3,
2025-12-12,Riviera,Direta,9.0,1,
2025-12-12,TRILOG,Direta,7.0,1,
2025-12-12,Zoom,LML,10.0,2,
2025-12-13,Zumpy,LML,45.0,4,
2025-12-13,Zoom,LML,7.0,1,
2025-12-13,TRILOG,Direta,5.0,1,
2025-12-13,Riviera,Direta,7.0,1,
2025-12-13,DMD,LML,21.0,1,
2025-12-13,PJ,Direta,16.0,3,
2025-12-13,FE,LML,38.0,4,
2025-12-13,Assis Rio,Direta,49.0,3,
2025-12-13,REU,Direta,44.0,3,
2025-12-14,Riviera,Direta,2.0,0,
2025-12-14,Zoom,LML,0.0,0,
2025-12-14,TRILOG,Direta,0.0,0,
2025-12-14,Zumpy,LML,0.0,0,
2025-12-14,REU,Direta,0.0,0,
2025-12-14,FE,LML,0.0,0,
2025-12-14,DMD,LML,0.0,0,
2025-12-14,Assis Rio,Direta,11.0,0,
2025-12-14,PJ,Direta,15.0,0,
2025-12-15,Zoom,LML,11.0,1,
2025-12-15,TRILOG,Direta,5.0,1,
2025-12-15,Riviera,Direta,8.0,1,
2025-12-15,REU,Direta,42.0,3,
2025-12-15,Zumpy,LML,55.0,5,
2025-12-15,FE,LML,41.0,5,
2025-12-15,DMD,LML,24.0,2,
2025-12-15,Assis Rio,Direta,54.0,4,
2025-12-15,PJ,Direta,21.0,2,
2025-12-16,Zumpy,LML,49.0,5,
2025-12-16,Zoom,LML,9.0,1,
2025-12-16,TRILOG,Direta,6.0,1,
2025-12-16,Riviera,Direta,7.0,3,
2025-12-16,REU,Direta,39.0,2,
2025-12-16,FE,LML,38.0,4,
2025-12-16,DMD,LML,24.0,2,
2025-12-16,Assis Rio,Direta,55.0,3,
2025-12-16,PJ,Direta,22.0,1,
2025-12-17,Riviera,Direta,6.0,2,
2025-12-17,Zumpy,LML,33.0,5,
2025-12-17,TRILOG,Direta,4.0,1,
2025-12-17,REU,Direta,39.0,4,
2025-12-17,Zoom,LML,6.0,0,
2025-12-17,FE,LML,31.0,0,
2025-12-17,DMD,LML,15.0,1,
2025-12-17,Assis Rio,Direta,51.0,2,
2025-12-17,PJ,Direta,19.0,3,
2025-12-18,Zumpy,LML,51.0,5,
2025-12-18,Zoom,LML,10.0,1,
2025-12-18,TRILOG,Direta,7.0,1,
2025-12-18,Riviera,Direta,6.0,0,
2025-12-18,REU,Direta,40.0,5,
2025-12-18,PJ,Direta,21.0,2,
2025-12-18,FE,LML,41.0,3,
2025-12-18,DMD,LML,25.0,2,
2025-12-18,Assis Rio,Direta,55.0,2,
2025-12-19,Zoom,LML,9.0,0,
2025-12-19,TRILOG,Direta,7.0,1,
2025-12-19,Riviera,Direta,8.0,1,
2025-12-19,REU,Direta,41.0,1,
2025-12-19,Zumpy,LML,50.0,6,
2025-12-19,FE,LML,38.0,4,
2025-12-19,DMD,LML,26.0,2,
2025-12-19,Assis Rio,Direta,53.0,7,
2025-12-19,PJ,Direta,18.0,1,
2025-12-20,Zoom,LML,4.0,2,
2025-12-20,TRILOG,Direta,7.0,2,
2025-12-20,Riviera,Direta,7.0,1,
2025-12-20,REU,Direta,42.0,2,
2025-12-20,Zumpy,LML,38.0,5,
2025-12-20,FE,LML,25.0,2,
2025-12-20,DMD,LML,17.0,1,
2025-12-20,Assis Rio,Direta,55.0,3,
2025-12-20,PJ,Direta,19.0,2,
2025-12-21,Zumpy,LML,37.0,2,
2025-12-21,Zoom,LML,6.0,2,
2025-12-21,TRILOG,Direta,4.0,0,
2025-12-21,Riviera,Direta,0.0,0,
2025-12-21,REU,Direta,0.0,0,
2025-12-21,FE,LML,31.0,2,
2025-12-21,DMD,LML,14.0,2,
2025-12-21,Assis Rio,Direta,5.0,2,
2025-12-21,PJ,Direta,11.0,4,
2025-12-22,Riviera,Direta,6.0,1,
2025-12-22,Zoom,LML,11.0,2,
2025-12-22,TRILOG,Direta,7.0,1,
2025-12-22,REU,Direta,43.0,3,
2025-12-22,Zumpy,LML,48.0,1,
2025-12-22,FE,LML,40.0,5,
2025-12-22,Assis Rio,Direta,51.0,2,
2025-12-22,PJ,Direta,19.0,3,
2025-12-22,DMD,LML,20.0,3,
2025-12-23,Zumpy,LML,53.0,4,
2025-12-23,Assis Rio,Direta,48.0,3,
2025-12-23,DMD,LML,23.0,1,
2025-12-23,FE,LML,36.0,4,
2025-12-23,PJ,Direta,19.0,3,
2025-12-23,REU,Direta,34.0,3,
2025-12-23,Riviera,Direta,8.0,0,
2025-12-23,TRILOG,Direta,7.0,2,
2025-12-23,Zoom,LML,5.0,1,
2025-12-24,Zumpy,LML,47.0,4,
2025-12-24,Zoom,LML,9.0,0,
2025-12-24,TRILOG,Direta,6.0,1,
2025-12-24,Riviera,Direta,7.0,1,
2025-12-24,DMD,LML,23.0,2,
2025-12-24,PJ,Direta,17.0,3,
2025-12-24,FE,LML,35.0,4,
2025-12-24,Assis Rio,Direta,43.0,3,
2025-12-24,REU,Direta,30.0,3,
2025-12-25,Riviera,Direta,0.0,0,
2025-12-25,Zoom,LML,0.0,0,
2025-12-25,TRILOG,Direta,0.0,0,
2025-12-25,Zumpy,LML,0.0,0,
2025-12-25,REU,Direta,0.0,0,
2025-12-25,FE,LML,0.0,0,
2025-12-25,DMD,LML,0.0,0,
2025-12-25,Assis Rio,Direta,0.0,0,
2025-12-25,PJ,Direta,0.0,0,
2025-12-26,Zoom,LML,9.0,0,
2025-12-26,TRILOG,Direta,6.0,0,
2025-12-26,Riviera,Direta,8.0,2,
2025-12-26,REU,Direta,25.0,2,
2025-12-26,Zumpy,LML,46.0,5,
2025-12-26,FE,LML,32.0,4,
2025-12-26,DMD,LML,23.0,2,
2025-12-26,Assis Rio,Direta,45.0,5,
2025-12-26,PJ,Direta,12.0,1,
2025-12-27,Zumpy,LML,6.0,0,
2025-12-27,Zoom,LML,0.0,0,
2025-12-27,TRILOG,Direta,6.0,1,
2025-12-27,Riviera,Direta,7.0,0,
2025-12-27,REU,Direta,32.0,2,
2025-12-27,FE,LML,0.0,0,
2025-12-27,DMD,LML,9.0,0,
2025-12-27,Assis Rio,Direta,39.0,2,
2025-12-27,PJ,Direta,18.0,1,
2025-12-28,Riviera,Direta,4.0,0,
2025-12-28,Zumpy,LML,47.0,0,
2025-12-28,TRILOG,Direta,3.0,0,
2025-12-28,REU,Direta,1.0,0,
2025-12-28,Zoom,LML,9.0,0,
2025-12-28,FE,LML,30.0,0,
2025-12-28,Assis Rio,Direta,9.0,0,
2025-12-28,PJ,Direta,0.0,0,
2025-12-28,DMD,LML,14.0,0,
2025-12-29,Zumpy,LML,30.0,4,
2025-12-29,Assis Rio,Direta,47.0,6,
2025-12-29,DMD,LML,16.0,1,
2025-12-29,FE,LML,31.0,5,
2025-12-29,PJ,Direta,21.0,0,
2025-12-29,REU,Direta,39.0,5,
2025-12-29,Riviera,Direta,6.0,0,
2025-12-29,TRILOG,Direta,6.0,1,
2025-12-29,Zoom,LML,2.0,0,
2025-12-30,Zumpy,LML,45.0,9,
2025-12-30,Zoom,LML,6.0,1,
2025-12-30,TRILOG,Direta,6.0,1,
2025-12-30,Riviera,Direta,7.0,2,
2025-12-30,DMD,LML,21.0,0,
2025-12-30,PJ,Direta,16.0,1,
2025-12-30,FE,LML,35.0,2,
2025-12-30,Assis Rio,Direta,54.0,4,
2025-12-30,REU,Direta,35.0,2,
2025-12-31,Riviera,Direta,2.0,0,
2025-12-31,Zoom,LML,7.0,0,
2025-12-31,TRILOG,Direta,6.0,1,
2025-12-31,Zumpy,LML,30.0,5,
2025-12-31,REU,Direta,34.0,1,
2025-12-31,FE,LML,27.0,3,
2025-12-31,DMD,LML,17.0,2,
2025-12-31,Assis Rio,Direta,37.0,5,
2025-12-31,PJ,Direta,14.0,1,
2026-01-01,Zoom,LML,0.0,0,
2026-01-01,TRILOG,Direta,0.0,0,
2026-01-01,Riviera,Direta,0.0,0,
2026-01-01,REU,Direta,0.0,0,
2026-01-01,Zumpy,LML,0.0,0,
2026-01-01,FE,LML,0.0,0,
2026-01-01,DMD,LML,0.0,0,
2026-01-01,Assis Rio,Direta,0.0,0,
2026-01-01,PJ,Direta,0.0,0,
2026-01-02,Zumpy,LML,35.0,3,
2026-01-02,Zoom,LML,6.0,0,
2026-01-02,TRILOG,Direta,6.0,1,
2026-01-02,Riviera,Direta,5.0,1,
2026-01-02,REU,Direta,24.0,1,
2026-01-02,FE,LML,29.0,4,
2026-01-02,DMD,LML,18.0,2,
2026-01-02,Assis Rio,Direta,38.0,1,
2026-01-02,PJ,Direta,12.0,1,
2026-01-03,Zumpy,LML,37.0,3,
2026-01-03,Zoom,LML,5.0,0,
2026-01-03,TRILOG,Direta,7.0,2,
2026-01-03,Riviera,Direta,6.0,1,
2026-01-03,FE,LML,27.0,4,
2026-01-03,PJ,Direta,15.0,2,
2026-01-03,DMD,LML,14.0,2,
2026-01-03,Assis Rio,Direta,40.0,2,
2026-01-03,REU,Direta,29.0,3,
2026-01-04,Zoom,LML,0.0,0,
2026-01-04,TRILOG,Direta,0.0,0,
2026-01-04,Riviera,Direta,0.0,0,
2026-01-04,REU,Direta,0.0,0,
2026-01-04,Zumpy,LML,0.0,0,
2026-01-04,FE,LML,0.0,0,
2026-01-04,DMD,LML,0.0,0,
2026-01-04,Assis Rio,Direta,0.0,0,
2026-01-04,PJ,Direta,9.0,0,
2026-01-05,Zumpy,LML,43.0,4,
2026-01-05,Zoom,LML,5.0,0,
2026-01-05,TRILOG,Direta,5.0,0,
2026-01-05,Riviera,Direta,7.0,2,
2026-01-05,REU,Direta,35.0,5,
2026-01-05,FE,LML,38.0,4,
2026-01-05,DMD,LML,21.0,4,
2026-01-05,Assis Rio,Direta,49.0,1,
2026-01-05,PJ,Direta,18.0,3,
2026-01-06,Zumpy,LML,50.0,4,
2026-01-06,Zoom,LML,9.0,0,
2026-01-06,TRILOG,Direta,6.0,0,
2026-01-06,Riviera,Direta,5.0,1,
2026-01-06,FE,LML,39.0,3,
2026-01-06,PJ,Direta,18.0,2,
2026-01-06,DMD,LML,21.0,3,
2026-01-06,Assis Rio,Direta,46.0,7,
2026-01-06,REU,Direta,42.0,2,
2026-01-07,Zumpy,LML,47.0,3,
2026-01-07,TRILOG,Direta,6.0,1,
2026-01-07,Riviera,Direta,7.0,1,
2026-01-07,REU,Direta,40.0,4,
2026-01-07,Zoom,LML,9.0,1,
2026-01-07,FE,LML,37.0,5,
2026-01-07,DMD,LML,26.0,3,
2026-01-07,Assis Rio,Direta,43.0,1,
2026-01-07,PJ,Direta,20.0,2,
2026-01-08,Zumpy,LML,52.0,8,
2026-01-08,Assis Rio,Direta,44.0,7,
2026-01-08,DMD,LML,23.0,3,
2026-01-08,FE,LML,37.0,1,
2026-01-08,PJ,Direta,17.0,0,
2026-01-08,REU,Direta,37.0,2,
2026-01-08,Riviera,Direta,7.0,1,
2026-01-08,TRILOG,Direta,0.0,0,
2026-01-08,Zoom,LML,9.0,0,
2026-01-09,FE,LML,39.0,5,
2026-01-09,DMD,LML,26.0,0,26.0
2026-01-09,Zumpy,LML,47.0,4,51.0
2026-01-09,Zoom,LML,9.0,2,11.0
2026-01-09,ASSIS RIO,LML,44.0,4,48.0
2026-01-09,PJ,Direta,15.0,1,16.0
2026-01-09,TRILOG,Direta,0.0,0,0.0
